Title,Company,Link,Description
Vision Software Developer II - Applications & Algorithms,LMI Technologies,https://ca.indeed.com/pagead/clk?mo=r&ad=-6NYlbfkN0DVyFvn6KNrme0qWK4PNhlu3RlnHL78IF6EgpbnUMzpFaEdfNrZtp38HfMwKMFMMk9_4hbLTbKlz2C40QlPxz-z9CQ_q-Fz9ec92cFrjxUvHOzIMwZGkfmbwjoxvYIp20m418PiXzCXah84L7tH5DcQWjk1BXVPp8NZMlE747DJ1wrSZzPMr57UzqeS2G5eTCeYLNu811r6tvmfdU3LehH3Z9FsP0wVeHlhKM8hrbjzsHaA_hPdSFMWMpSVD3TInn6LsjxX_CPN-T13dT9-LlE-lW-mzkxKz-puLrBuBKHx2W62WeycHo8dujGYB1wOUH4ni1c_1VhZmCVGCSGwK79W0fo6YkF7dOfvYt9cWvOMfYAyLqoEyYbpkvietZ6Kf084uaVoZik7b1QGrgGtb6lUFQRz6wq7tZ6mMtldS1Tls5n1qLVYrjArzZyGFy5lgoGj5kbFvNAjykTjdbOaSqR0Dv8JSObIs1vwxu8CNTg1pIw81t0Fq7LELaK8nHQ_zchpWoV7R87Xt-kHEPQCAgcrAQc15y-k_IKBXIBFV2gkdrhlyisWC5nhB-XB3WVJaBJBrtTVLZ7VZ60g8VOfuA_srtm_M0cQ6dBF-SgxOdlkpgHXXz7vxFA-kVbTeTCHydpG9rp7YO-a9PlFBLAj017gVMV2l92jaeEsvFFlcdl2781aV2IiEjlSFi9iWZCWCaqyt-gz9iuhsxL75cpeGersO3Jxn2-DwRB5veIabbuBvHzUJ8vMi3pxAYhmade0Ct_j9J4wXPwas-UhU8tmkB5uauaXF_Ah1u6-SDOzA7Q-pni6nuZ6Q3pHw4DfDkz5lgo=&xkcb=SoDh6_M3puv0wsyMbJ0JbzkdCdPP&camk=ethIe0s0heeFR86g9RvtZA==&p=1&fvj=0&vjs=3,"LMI Technologies, recognized as one of Canada's best workplaces, is a medium-sized technology company built on a culture of openness, respect and professional excellence. At LMI our staff work passionately towards the common goal of designing and delivering innovative 3D machine vision solutions to OEMs and System Integrators. Our customers rely on our cost-effective 3D sensor technologies that deliver the best results in even the most challenging 3D inline inspection applications.

The Opportunity

We are seeking a Vision Software Developer II to join our dynamic Applications and Technology team. In this role, you will report directly to the Senior Vision Software Manager, acting as a key technical contributor in a team of 14 high-performing peers.

You will sit at the intersection of R&D and real-world application. You will take the ""unsolvable"" problems our customers face and turn them into deployed, high-performance 3D measurement solutions.

You will elevate the team's capabilities by designing robust algorithms and proof-of-concept tools that demonstrate exactly what our technology can do. If you are a developer who loves math, physics, and seeing your code interact with the physical world, this is your home.

How You Will Make an Impact

Innovate & Solve: You will translate complex customer requirements into sophisticated C++ algorithms for pre-processing, segmentation, feature extraction, and 3D measurement. You turn abstract geometry problems into working code.
Elevate the Tech Stack: Working closely with the Senior Manager and your 14 peers, you will help standardize best practices, ensuring our application code is not just functional, but scalable, maintainable, and ""best in class.""
Bridge the Gap: You will act as a technical liaison, occasionally traveling to customer sites to deploy prototypes and gather insights that you will feed back to the VP of Technology’s group to influence future product roadmaps.
End-to-End Ownership: From designing the initial algorithm to building the HMI interface, you will own your projects, ensuring tight delivery timelines are met without compromising quality.

What You Will Do

Algorithm Design: Develop and optimize real-time 2D and 3D vision algorithms (filtering, point cloud processing, metrology) to solve specific inspection challenges.
Prototyping: Rapidly build proof-of-concept applications using LMI’s 3D smart sensors to demonstrate feasibility to major OEMs and System Integrators.
Collaboration: Participate in design reviews with your peer group, offering and receiving technical feedback to mitigate risks and improve code quality.
Documentation & Reporting: produce clear, analytical technical reports and documentation that summarize results and propose concrete solutions to stakeholders.
Continuous Improvement: Proactively identify areas to improve our internal tools and processes, supporting the Senior Manager in driving operational excellence.

What You Bring to the Table

Education: Bachelor’s degree in Computer Science, Computer Engineering, or Electrical Engineering. (A Master’s degree in a related field is a strong plus).
Experience: 3+ years of professional experience in software design, specifically within Machine Vision, Image Processing, or 3D Metrology.
Technical Stack:
Strong C/C++ programming skills are a must.
Solid mathematical foundation (Linear Algebra, 3D Geometry, Statistics).
Familiarity with vision libraries is highly valued (e.g., OpenCV, PCL, Halcon, Cognex VisionPro).
Problem Solving: You have a proven track record of breaking down vague requirements into technical specifications and delivering working solutions.
Communication: You can explain complex algorithmic concepts to both technical peers and non-technical customers.
Agility: You are comfortable working in a fast-paced environment, managing multiple project milestones, and traveling occasionally (domestically and internationally) to get the job done.

What We Offer

Salary Range: CAD $88,000 - CAD $130,000.
Health Benefits: Full health care coverage (with 100% paid premiums) including dental, vision, and drugs for you and your family.
Financial Perks: A competitive Profit Sharing Program, a Group Retirement Savings Plan, and a monthly internet allowance depending on the location.
Work-Life Balance: We support a healthy balance with hybrid work arrangements, flextime, and generous paid time off.
Growth & Development: An annual Education Support Program for training and professional growth, plus annual performance reviews and Lunch & Learns.
Enjoy free healthy snacks and drinks, team-building budgets, tenure awards, and our official ""May the 4th"" (Star Wars Day) company holiday!
Access to an on-site fitness facility, tennis/basketball court, and company-wide wellness challenges.
This is a hybrid position based out of our Burnaby, BC headquarters. To support our collaborative model, preference will be given to local candidates.
Please note that financial relocation assistance and immigration sponsorship are not available for this position.
We are recognized as a “Great Place to Work” for 10 consecutive years, spanning the 2016 through 2025 annual designations.
#LMISJ

We assure you, once you complete your application, your information is safe with us. To learn more about how we use your personal data, please review our Privacy Policy (https://lmi3d.com/privacy-policy).

YExOpA0jRe"
Principle Data Scientist,AutoTrader.ca,https://ca.indeed.com/pagead/clk?mo=r&ad=-6NYlbfkN0BlgGQq54RhTRbtNOtgf4q8ADJ3rNd1t7LC5bhoOEgeTFGfhBnyfPTSAXEKafSoqgvPE5G1f4gZXnUbVwYg8DtNrXb6tu0EGX7JiUT-fH31GJsZEeWcToIT5Mu2HulDXhW6PCXUD2NIay9HFfhT5dHEZLagjey4GAXsMv9_a9fK0t7O4288-QDlQFfk9m63d8OKSBL0hn_z1riU86NOp9HaKi5T-k0lvEOSkT2zOTgVxFV1jwFj-ZQosVTUBpp119vH7-MKrGhvgH2xdmmIt71Qn0ExodFHvboqwcQ5wSWZODO0IELeso7WnqpLYM-dQMK-I-Fq5CvMvewpoMVCQq9ysxB0jCOe2p8ZH9BFsheYlPyiWHxYNSCubp_C3EfBhws02GXDb9GRF124iyFF0xlj9L0ai5Ggz2M1S45Skx1FHE0Oq61Fh-Gh4lmWVkoGkWiEGkyvsG79c6ex0LRT0nGndhDt0IEaUIe1h0_lK5iCL3jqopjtNhNC3vxtfqHio5AhLGTrWuAGtg6FFPCKl7dmwrLvKU3eEbnF4Gy9biTp8c7nZ9vj6NG9cQH7wIsKth7ynvsWNnmPogBZcHj09tTeMxRjOhAPx0M=&xkcb=SoBV6_M3puv0wsyMbJ0IbzkdCdPP&camk=UoKtGZLa3XI9vlCkUbQcWA==&p=2&fvj=0&vjs=3,"Customer Service Representative

As a key support member of Brand Blvd’s sales process, the Customer Service Representative (CSR) is the dependable anchor ensuring every approved order moves forward with accuracy, momentum, and care. You’re the steady point of contact who keeps details tight, timelines on track, and communication clear, from the moment an order hits your queue to the moment it lands in a client’s hands.

This role is built for someone who thrives in a structured, fast-paced environment, takes initiative without waiting to be asked, and finds satisfaction in solving problems before they become setbacks. You enjoy being the person others can count on, collaborating across departments, and keeping operations running smoothly and predictably.

If you take pride in being reliable, organized, solutions-focused, and deeply committed to delivering exceptional client experiences, you’ll feel at home here.

Who Is Brand Blvd?

We’re Brand Blvd, a 50+ crew that turns merch into real-world magic. Our Canadian HQ is a sun-soaked 16,000 sqft loft office in St. Catharines, with 20-foot ceilings, a wraparound mezzanine, and a team lounge (with a stocked fridge) that would make Google jealous. Flexible desks invite quick huddles and hallway brainstorming.

We work hard. We celebrate harder. Think pool parties, themed happy hours, and team volunteer days where we roll up our sleeves for a good cause. Around here, high fives are plentiful, deadlines get crushed, and everyone’s voice matters.

If that sounds like your kind of vibe, step up as our CSR and let’s chat!

About Your Role

This role is designed for someone who thrives in a fast-paced, highly collaborative environment where priorities can shift and momentum matters. You naturally step in to keep things moving, work seamlessly with multiple departments, and bring a solutions-driven, customer-first approach to every situation. You take pride in staying organized under pressure, acting with urgency, and catching the details others might miss to ensure every order is delivered exactly as promised.

If you’re energized by responsibility, clarity, and being the steady hand that keeps workflows running smoothly, you’ll feel right at home here.

Responsibilities

o Process and monitor all sales orders submitted by Brand Specialists, ensuring artwork, pricing, and inventory details are accurate and complete before production begins.

o Prioritize and pivot quickly as deadlines and client needs shift, maintaining momentum and keeping every order moving efficiently through the process.

o Troubleshoot issues proactively, identifying solutions that support both the client experience and Brand Blvd’s operational flow.

o Communicate clearly and consistently with the CSR Manager, Brand Specialists, vendors, and internal teams to keep all parties informed and aligned.

o Maintain meticulous financial and production documentation, including updating sales orders, purchase orders, and freight calculations with accuracy and consistency.

o Complete daily job follow-ups to ensure orders remain on track, clients receive accurate delivery timelines, and any delays are addressed with urgency.

o Track shipments through final delivery, confirming receipt before orders are marked complete and ready for invoicing.

o Support kitting and fulfillment projects by providing clear instructions and overseeing execution through Brand Blvd’s in-house fulfillment team.

Key Performance Indicators

o Multitasking mastery — managing a high volume of jobs (up to 130 at once) while maintaining accuracy, organization, and steady momentum.

o Exceptional attention to detail — especially in freight calculations, artwork approvals, order data, and vendor coordination to ensure every step is correct before moving forward.

o Adaptability and resilience — staying focused and effective through interruptions, shifting priorities, and unexpected challenges.

o Proactive problem-solving — taking initiative, working with limited information when needed, and collaborating quickly to resolve issues.

o Client satisfaction — nurturing positive client relationships and contributing to strong feedback and survey results through consistent, thoughtful service.

WIIFY?

We know. You want the deets. What’s in it for you, right? Let’s get right to it.

o Competitive, transparent pay (we post the range up-front and stick to it)

o Health, dental and vision benefits (plus more)

o RRSP matching - because no one wants to retire without money

o Flex hours when life happens (kid’s recital, dog at the vet - we get it)

o Merch credit, because you’ll want the swag you help create

Comp

$44,000 per year, plus bonuses

Benefits

o Company events

o Dental care

o Extended health care

o Paid time off

o RRSP match

o Vision care

Language: English

Location: St. Catharines, ON L2W 1A2

Work Location: In person

Job Types: Full-time, Permanent

Pay: $44,000.00 per year

Benefits:

Casual dress
Company events
Dental care
Paid time off
RRSP match
Vision care

Ability to commute/relocate:

St. Catharines, ON: reliably commute or plan to relocate before starting work (required)

Work Location: Hybrid remote in St. Catharines, ON"
Data Science & Optimization Intern,Pason Systems Corp,https://ca.indeed.com/pagead/clk?mo=r&ad=-6NYlbfkN0AcRl5JMWPsAxVU8lEwgLtRgG9_4KCpd-nYi6XARvcRxpGMEa2WQdWt1jRQ1lG81UxLfcokk8I83Bsi9lIR4yc7FBsxt3KUJj3QeW3tL-m6fxiNJknI8aKqmtHKcVx8cqFi04OyZ2td4u6z117hhdy0jK2_06UrWBeIpxgzpECZudphFHrZR2_mFQ2_kSBpObzY1tr_9LSRqRZiMPpiMl8zd626ukueVyIdKMEhvxQZcap6Nk7rcNbZQAqOnEO7cwHjb2jduliHiH3IDThwrRZn0CxtOzIVakhZYFJNU9KL78awYCG_lzuTQCqxrfb6Hki0SrH6ICWDiCfVz2PV8UKSuG51uqZKg5AqF-uVNgoi62I8QqL2XPXP766jZYedWAXpIvIFqmwbVwTJuKgk7Jav-TbRkFOBEGUl9AXnsiLGmHFwljynZ3zi1haGMWSn3cbIlcrNlBpG-DP3mPYbfZ4eT3nqiDVzy-COztkpgtxVhMO7VmUzhKLKxQMmk2UBS8xuce_xlEbfn_zUk9p7mkbRpBc9ZSUlIv9QhJRTr8oQOT6ZKnzLdJ7Ttl57BrNWfr4V46NWqrAdk6nhP9K9kS0XPhs3glTwx04KSDsybu9HvYPEQS1Pdoo75_MEBFlBWP-PwsoKuperCdGEu6QeU2PEOM-UAqFfMVbp1poLab-zUUAreKyE-xD5G-CiHhTt-WL57wjXGlRogTlwkjs2QOaCXUtF9xwqxFeLQMzPQworRbY7sHAS2juW8zHrJ4URBaUHuxFSU_z7YhZH7ICGD_zXggSXXWue8XZqZIqfrjOFjZMIViOGVRIB9UN_5soZRlKXjpafjJ7FEvKuaTDFFDwyObq52DeW1BcCSNNjktRjuLPUilMa0Ao19iLQY86vQZiWFdhyh9q1-g==&xkcb=SoDb6_M3puv0wsyMbJ0PbzkdCdPP&camk=xqnMBGaf-K96qJUg0Ddi6A==&p=3&fvj=0&vjs=3,"The Role

Energy Toolbase (ETB) is seeking software developer interns for our Data Science and Optimization Team for a 16-month internship from May 2026 until August 2027. During your internship at ETB, you will focus on, optimization and forecasting for our three core products that allow you to model, intelligently control, and monitor distributed energy storage (ESS) and photovoltaic systems. You will work on several potential applications ranging from ESS financial optimization challenges to forecasting data for building loads and solar generation. You will have the opportunity to combine your experience with ours and use your skills in mathematics, cloud computing, machine learning, data analysis, and real-time operations to provide best-in-class solutions to the challenges that face tomorrow’s energy systems.

Essential Duties and Responsibilities
Write data science and optimization related software using the most appropriate development methodologies
Design, implement, and test software features utilizing our extensive suite of development tools and a combination of Typescript, and Python languages
Write unit and integration tests for developed functionality
Conduct research, analysis, and prototyping in support of new areas of product development
Work with Product Management to deliver features and functionality that provide exceptional user experience
Participate in all aspects of the software development process, including requirements definition (user stories), high-level designs, sizing and estimating exercises, code reviews, documentation, and testing
Knowledge, Skills, and Abilities
Knowledge in software languages such as Python and Typescript/JS
Excellent mathematical and analytical acumen
Familiar with Linux systems
Familiar with Docker containerization technologies
Well-developed communication skills
Strong commitment to quality
Ability to work in a team or as an individual
Education Experience
Currently enrolled in 3rd year studies in Software Engineering, Computer Science, Computer Engineering, Electrical Engineering or related program




Applications will be accepted until December 31, 2025. Please upload a copy of your resume and latest unofficial transcript."
Software Architect,DocuPet,https://ca.indeed.com/pagead/clk?mo=r&ad=-6NYlbfkN0C5tYKOF7UACUZOPdMjPQGgbcOZz4RZcw-x04BV0B0k-cqNZMGBCDsa1j2w_7XJ0D1xKpj5kx8Urx5oHk7Uk-Ii_7Zwx-zgiLesIIhnNfSMxg_75Cd5s6UvfAotclYaLNm9-7Bxjt7z_R0E-8YEcAqBjFsL3htY6r0zhIEqAKzZjpOBKXIaJy279JvFn0ZYl8Am9VLChnrokbhiJzWaLCvIM4HGvF6SGyqr5uW0PKavRulWpAxgXnTF9P6uKKYisSKmmH5GOYHZoJpgOR19wXu-y8bl42cvZK2_SvjH8V7s5DYsG2nsdh0JKOQxH1I3gFlKcXp6UffSrcAxXaflg0myw_WJgoFXOafYLZl6s_sVdyvKGoR-rqT_pDKUgcCWw9YbN8_bawwmwdDZKZbamH9xqyZQaSX2OIddtd0H1OkVpWzuy-vs4Jsp3oLA6K5KCuUv-4xRgPyUYbw2arvjrk3dJYIQa2iRwrKJaQG3g0rhyJZOml0jfgh0QEniRnqEsctl4JbWsZErl-tUSjyAs2ed5M6og--FgH0FvVhpdLRL2nBxhZimvyOPkunM4PkKpffgEJozrFUC3-6hK26VbVh8kj4UEm0ZVMeiIJYqVFH15CE11o6JAN4gC3XjBaSzr9D1qpRBS9n1AgJtuBugVnkR26sZc6guQGI=&xkcb=SoBv6_M3puv0wsyMbJ0ObzkdCdPP&camk=ethIe0s0hedg6pcbEbIn4A==&p=4&fvj=0&vjs=3,"About DocuPet

As the official pet registration provider for more than 250 jurisdictions, DocuPet is the largest and fastest growing pet registration platform in North America.

Our proprietary platform consolidates all pet information into a single place and provides the services for pet owners, community members and animal shelters to ensure pets can be reunited quickly if they become lost.

Beyond our platform, DocuPet offers specialized pet tags, an AI-powered pet tracker, lost pet alert system, and will soon be launching a first-of-its-kind pet parenting mobile app - all aimed to ensure every pet in North America is registered and that each has a safe and happy home.

Our work is very important. More than 6 million pets enter animal shelters every year. Just 10% of those animals are returned to their owners. Effective registration, pet identification, reunification tools, and animal shelter resources, all provided by DocuPet, is the solution that will measurably reduce shelter intakes while providing significant new funding for animal welfare organizations.

A new National Pet Record Search Tool, available for free to all shelters joining our National Animal Shelter Network will be launched in Q2 of 2025. DocuPet has the support of the animal welfare industry, and with astute strategic leadership will become the de facto National Pet Registry program serving tens of millions of pet owners by 2027.

About the Role

The DocuPet solution includes an easy to use online licensing system, branded website and communications, real-time tracking and reporting, fulfillment and customer service, and value-added services for pet owners including our Lost Pet Alert System and Rewards Program.

We are looking for a Software Architect who is passionate about leading and crafting comprehensive technical architecture strategy. The ideal candidate has a strong background in defining architectural vision and executing strategy through working across cross-functional product and engineering teams.

In this role, you will be closely working with software engineers, product managers, key business stakeholders, and technology leadership to define the architecture, technical designs, and technology roadmap for four distinct product and internal teams: Pet Owners, Administrators, Licensing Services, and Core. This role reports to the Director of Software Engineering.

What You Will Be Doing

Requirements Analysis: Gather, analyze, and synthesize functional requirements from product managers to ensure clear understanding and feasibility.
Architectural Leadership: Act as the architectural SME and visionary, reviewing technical designs and supporting technical leads across product pods.
Non-Functional Requirements: Formalize non-functional product requirements with product management and ensure architecture can support current and future product needs.
Software Solutioning: Provide high-level software solutions and approximate development timelines to product managers and technical leads based on a deep understanding of non-functional requirements, historical estimations, current limitations, and future state architecture.
Technical Design Documentation: Create a blueprint of software solutions during technical design, documenting functional and non-functional requirements, identifying key risks, constraints, and impacts, and leveraging UML diagrams (ERD, Sequence, Class, Component, etc.).
Hands-On Development: Contribute as an individual contributor by writing code for prototyping, experimentation, mentorship, maintenance, or documentation of software solutions.
Project Oversight: Oversee ongoing projects from inception to release, collaborating on unit testing, QA, and deployment of software solutions.
Mentorship & Growth: Mentor, nurture, and partner with technical leads and software engineers, instilling a strong understanding of requirements engineering and best practices.
Technical Design Process Ownership: Champion and mature the DocuPet Technical Design process, refining methodologies based on project size and scope.
Design Democratization: Own the versioning and distribution of technical designs and respective artifacts through an internal RFC (Request for Comment) system.
Automated Documentation: Ensure all aspects of software in production are thoroughly documented, including REST APIs, by implementing automated tooling.
Best Practices & Standards: Define, document, mentor, and enforce engineering house standards and best practices within the organization.
Industry Awareness: Stay up to date with emerging technologies, development platforms, frameworks, evolving solutions, and industry standards.
Agile Participation: Engage in Scrum ceremonies, including daily stand-ups, sprint estimation/planning, and project retrospectives/reviews.
Code Quality & Collaboration: Participate in peer code reviews, pair programming, and collaborate with engineers to improve overall code quality.

What You Should Have

A college or university degree in computer science or a related field (a combination of education or experience is also fine!)
8+ years of web software development experience
6+ years of experience working with an object-oriented language (PHP preferred)
3+ years of proven experience as a technical lead or architect
Experience working with Agile methodologies and tools, such as JIRA
Experience with virtualization such as Docker
Experience working in cloud environments (AWS preferred)
Experience working across cross-functional product teams
Demonstrated ability to requirements engineer and write technical documentation with an attention to detail
Exceptional technical strategic thinking and visionary skills with the ability to see the ‘big picture’ several years down the line
Strong leadership skills and past experience leading through successful project execution, collaboration, guidance, and mentorship; You’re the person that builds team rapport and trust through your work, the projects you lead, and the example you embody
Ability to deal with ambiguity: you can bring structure and focus to complex questions
Vast experience owning the technical responsibility of the entire SDLC to achieve project delivery
You are a strong communicator and a seasoned architect that can lead discussion or constructive debate, and own the decision making process
Hunger to have an impact on our team and the business

Benefits

Comprehensive medical insurance including Health, Dental and Vision
Flexible PTO
Fully remote

Our Mission and Values

Each of us at DocuPet comes to work each day to move our organization closer to its ultimate mission: to provide a safe and happy home for every pet. We take our core values very seriously knowing that we only work well with those who see the working world as we do.

Go Big - We aim to do big things. We don’t aim to impress ourselves, or those around us, we aim to be the very best anywhere. We accept all challenges and we intend to win.

Whatever It Takes - We finish whatever we start. No excuses. It often means a lot of work, but it’s worth it because we are the types who don’t rest until the job is done.

Inspire - Our people and our business inspire those around us. Each employee has a job to do, and they do it with excellence and grace. They bring joy to everyone they meet.

Believe - Each of us is responsible for selling ourselves, our projects, our outcomes, and our efforts. We must be individually and collectively convicted in our actions. We sell our ideas, our services, and our products at every opportunity.

Respect - We work as a team. We treat each other the way we expect to be treated. We listen to all opinions and voices taking time for those with quieter personalities and those who take time to collect and share their ideas are heard. We accept differing viewpoints and are an inclusive company.

Job Types: Full-time, Permanent

Pay: $125,000.00-$160,000.00 per year

Benefits:

Company events
Dental care
Extended health care
Flexible schedule
Paid time off
Vision care
Work from home

Flexible language requirement:

French not required

Schedule:

Monday to Friday

Experience:

Software development: 8 years (required)
OOP: 6 years (required)
PHP: 6 years (required)
Software architecture: 3 years (required)
Leadership: 3 years (required)
Technical drawing: 3 years (required)
Requirements gathering: 3 years (required)

Work Location: Remote"
Tekla Extensions Developer,Stubbe s Workforce Inc,https://ca.indeed.com/pagead/clk?mo=r&ad=-6NYlbfkN0BFRiYxgNpsJAgX1vttem1RMdkz_8xfSFUgJjQl5YD82VxR_h9rBdAg-HD8DNbtgG3daUylRLBYYq_LY2YKLaAPdXghqspRVdHPSGPCNpjW6E17VxhLHy9ZeDd8oB6q1HiLVf2aaJBSIkV1vURlVCmMLQr-mnlhQI2YE8kWPAf-KIlVSZgV-A05qT0F4_AqS8IS775mu3nbCrZhutwLtACySbtDZps1xNjQlkjkJTSozyDnStbRN64VuwnbIn_G3Wf6gfwC4x5MwxseiJLmpmgEhr4M9fqBzQ8Ug344M6-wSM_2Jb0uLIZR2nDLE4X5PGk0ekK1hx0DHKxfGhe7qYttHUudPVpg4D_JDz08c6b-vrzGyA4nUSXQTamzrp4KPTm76sA9MjPVsvSnC_cLZNwJXwlr074OBlZrAtpT1QrGwD06V1XFdPhDbVXddwJbb2Aje2gxC4fD3C9a1gJWahSdfPF2pSyPQP-7MPP1lZROxFyYx67wnWvN2Y9lKx6mSqh8dlR-VwhQT_F3t59WTtgct9khBQfG9-ed4Ro4Jxs0ukPreihIrsf_rFglmANz1EQ1R8hioCWXZz74TQwobA61Ybq7K1HnkADvoUtA0NsRGUNBIRzGTh1sI_0wdP_pMMkNRHJsrHwDKoaoyHsA5UZcgWQdvqRN4yXe2lEbZD1xe_FgZQmKwBVz8LYiqU3WT74o2ufiCTXjmTMExMHW2bgqTVUM_NOCW-oK2GZ-LtdybHZz9OTG3UD4T039ELiQ-NtBFEM8kgFwE50NxNqvjlPv8iARVB5zn3S_ARQncOU76hPpvPKeGu7Q82yVIrKMfzqbsNAIMwhXaV091VDzmVwM13YbclZBvOOQX1LDTszVU1vObfrgqgvc5ed4DeiA2QaK3oDwerYTNUl0bS0OIMSeHdwiDidlQi8=&xkcb=SoBG6_M3puv0wsyMbJ0MbzkdCdPP&camk=nUmJqO2E8rhPx9BlzadWVA==&p=6&fvj=0&vjs=3,"Tekla Extensions Developer

Location: Harley, Ontario - on-site position

OVERVIEW

Stubbe’s is a family-owned and operated company that has been in business for over 40 years. At Stubbe’s, our continued focus is to provide unique, cost-effective, and lasting building solutions.

Stubbe’s started as a small precast company servicing the agricultural market, evolving over the past 40 years to a diversified company that provides a wide range of concrete (related) products and services.

Stubbe’s is known for its forward-thinking solutions, quality and customer service and offers significant experience and expertise in providing optimal solutions for commercial, industrial, residential, and agricultural structures.

We are seeking a Tekla Extensions Developer to build extensions: components, C# plugins, macros, and utilities for Tekla Structures that standardize modeling, accelerate drawing production, and deliver accurate data to Trimble Connect, ERP, and production systems. We welcome strong C# developers from adjacent CAD/BIM ecosystems; Tekla experience is a strong plus but not required—training and mentorship will be provided.

This is a full-time, on-site position requiring effective collaboration with modelers/detailers, project managers, and software development teams.

THE DAY TO DAY

Design and build custom tools for Tekla using C# (plugins with user-friendly dialogs, macros, utilities).
Create drawing automations: templates/cloning, rule libraries, filters, dimensioning and view setup, and batch publishing.
Standardize UDAs/property sets, naming conventions, Organizer/Task Manager setups, and implement data validation rules.
Develop model health checks and fix tools (geometry/class/profile checks, assembly completeness, statuses).
Build and maintain exports/integrations for ERP and production (e.g., CSV/JSON/XML, Unitechnik, BVBS, PXML, DXF, IFC) and Trimble Connect sync.
Collaborate with the developers, detailers, and project managers to capture requirements, prototype, test, and roll out improvements.
Maintain source control, code reviews, and CI builds; document tools and train users.
Support Tekla environment upgrades and extension management; troubleshoot performance and data quality issues.
Monitor adoption, gather feedback, and iterate to improve speed, reliability, and usability.


WHAT WE ARE LOOKING FOR

Bachelor’s degree in computer science, Engineering, or equivalent experience.
3+ years professional C#/.NET development, including building desktop tools or plugins.
UI development experience (WPF preferred; WinForms acceptable); familiarity with MVVM is an asset.
Experience automating or extending at least one 3D/CAD/BIM platform (e.g., Revit, AutoCAD, Inventor/SolidWorks, or similar).
Solid understanding of BIM concepts and model-to-drawing workflows (properties/UDAs, assemblies, naming conventions).
Source control (Git) and modern development practices (code reviews, unit testing, CI/CD basics).
Strong problem-solving and ability to translate user workflows into reliable tools; clear documentation and communication.

HOW TO APPLY

Qualified applicants can submit a resume or visit our website for more information.

Stubbe's is committed to providing accommodations to those individuals with disabilities throughout the recruitment process. Upon request, we will work together to meet any of your accommodation needs. We look forward to hearing from you!


INDHP"
Gen AI Tech Lead Engineer - Vice President,Citi,https://ca.indeed.com/pagead/clk?mo=r&ad=-6NYlbfkN0B7UYL49yWBrrOlEWIsfJu1HwdoffaEv3MPqVgUrdyA2mtG2kyCvozLAsc4_zj8S6KYGOavVQ4nDbKDCTlTnYYZR-I0vp_oKfdRkhUIyS4c1Q7lJ1HxaEJbaDzzkeoIZVLlnO6gecKI6GqviRP0JIpLEkcuTNYS-SUe5KTwne024ig6qsl-hTpRg2prqS9v1NN5hmdWOb8HST0bVGeNf7bgJAkZdaNyy_FQt3D0-nRXq_euKnwX1GacqdWLzd0YnCn0Dm3GfCIwi7lXHrDnMbcfmR9gw6lv1gTW55XelyIgO1i-2Or5m_74dEAUNhRHcwSW0cHKaK4gRIP28FAnPD3coSUtkOiZwQ_RpvqMnqcZ0hVWBjr7d_teP88KIPwzY7LWfZbvIkozVcr55REvhhZyw1SVhUfuXeP-smVyNIgdKqyeCVFll_1Go1TEt9okofhEkDsjqOM6ep96gl-EwVsqpnQ8NLAuf1g-SYKi1wzmWM9lhUpI54wgz_8J0T-q4k0lrJgXqA0a-jHKjjV6Tne5qz84itsmc2-I6ipmRsyDzuTeiLlaVzjp47chj8AiJUHCSDJ-0fNwtqWALzE6FKeoUwP8L7ZX99bZYmCBQg_Jt8BNoCLkKYAMWHzhzcSLWHlY4LAN-kXzWVwSm9uO_eAoiT8p3r6p_SZ820gYp8d65x2NnWlxbqwnjJMkta6AVzxQzVJ4f-_URRGWh4Uh0_iX8aNvRftAR74zWw9Vh06soQlbDiOhnYM5Ad_FnsD9JpOaVKsSAY_J_nA2SGnyk6Ca5X8gl7o7q84qnf2mGqcsPKnNT4evg_UU-QyEvo3jLcg=&xkcb=SoC86_M3puv0wsyMbJ0HbzkdCdPP&camk=ethIe0s0hecJpMrJ8_hlJw==&p=11&fvj=0&vjs=3,"Overview of Citi:

Citi is a world-leading global bank. We have approximately 200 million customer accounts and a presence in more than 100 countries and jurisdictions worldwide. We provide consumers, corporations, governments, and institutions with a broad range of financial products and services, including consumer banking and credit, corporate and investment banking, securities brokerage, transaction services, and wealth management. We enable clients to achieve their strategic financial objectives by providing them with cutting-edge ideas, best-in-class products and solutions, and unparalleled access to capital and liquidity.

Overview of the organization:

The COO Enterprise Solution Engineering capability is responsible for the development of best-in-class technology platforms for Operations, including development of an integrated portfolio of Operations tools, end-to-end solution design for large scale transformation initiatives, design governance, and adoption of Generative AI solutions for driving operational efficiencies.

Role:

This role is for an innovative Generative AI Engineer to drive the adoption of Large Language Models (LLMs) and agentic flows, focusing on process efficiencies, automation, simplification, and risk reduction across enterprise business solutions. The successful candidate will contribute to the technical direction of products and services, instil engineering best practices, and promote cultural change within the organization. This position involves close collaboration with various technology teams to push the adoption of Generative AI technologies and agentic flows across enterprise-wide applications and processes, and to develop partnerships with third-party providers for validating and adopting best-of-breed solutions.

Responsibilities:

Contribute significantly to both engineering and research initiatives within the Generative AI domain.
Adopt a product-focused approach, ensuring the development of robust, scalable, and user-friendly solutions.
Thrive in a fast-paced environment by continuously testing, learning, and tackling cutting-edge problems.
Actively engage in pair programming, promote lean methodologies, and streamline processes by removing unnecessary bureaucracy.
Prioritize rapid delivery and iterative development, demonstrating adaptability and a willingness to pivot rather than pursuing a perfect upfront solution.
Develop foundational components and mature technology capabilities in Artificial Intelligence (AI) and Large Language Models (LLMs).
Drive the enterprise-wide adoption and successful integration of Generative AI solutions.
Demonstrate strong problem-solving capabilities and a proactive learning mindset, continuously acquiring new skills.
Exhibit excellent communication and collaboration skills, effectively engaging with diverse stakeholders.
Be adaptable and resourceful in navigating complex technical and organizational challenges
Appropriately assess risk when business decisions are made, demonstrating sound ethical judgment and particular consideration for the firm's reputation, its clients and assets

Required Skills, Knowledge & Experience

Technical Expertise:

Deep hands-on experience in engineering and executing enterprise solutions that scale effectively.
Fluency in at least two programming languages, with a strong preference for Python and Java. Proficiency in Javascript / Typescript and Golang is also highly valued.
Strong understanding of Language Models (LLMs), transformers, agentic frameworks, vector stores, and search algorithms.
Experience with relevant frameworks such as Spring (AI, Boot, Core, etc.), N8N, Flask, LangChain, LangGraph, and MLFlow.
Proficiency in database technologies, such as Oracle, Postgres, or MongoDB.
Experience with messaging and integration platforms like Kafka or JMS/MQ.
UI development skills with technologies such as React JS or StreamLit.
Experience designing and implementing REST and WebSocket APIs.
Familiarity with one of the major cloud platforms including AWS, GCP, or Azure/
Strong knowledge of infrastructure tools, including Docker, Kubernetes, Terraform, and Helm.
Experience with build and deployment (CI/CD) tools such as Jenkins and Gradle.
Good engineering experience with high-performance, large-scale AI/ML systems.
Experience in model risk management, guardrails development, and developing end-user adoption pathways for AI/GenAI solutions.

General Experience & Qualifications:

A minimum of 10+ years of professional experience in financial services, technology firms, or dynamic start-up environments.
Strong hands-on experience with Agile delivery, product management, and value stream methodologies.
Proven track record in producing high-quality project artifacts.
Demonstrated ability to drive the design, development & implementation of scalable systems.
Motivated self-starter with the ability to quickly learn new skills and effectively navigate complex organizational structures.

Education:

Bachelor's degree in Computer Science, Information Technology or Engineering is required; a Master's degree is preferred.


This job description provides a high-level review of the types of work performed. Other job-related duties may be assigned as required.

-

Job Family Group:

Technology

-

Job Family:

Applications Development

-

Time Type:

Full time

-

Primary Location Full Time Salary Range:

$120,800.00 - $170,800.00

-

Most Relevant Skills

Please see the requirements listed above.

-

Other Relevant Skills

For complementary skills, please see above and/or contact the recruiter.

-

Automated Processing and AI

We use automated processing, including artificial intelligence, for our legitimate business interests (or our reasonable and appropriate business purposes) to identify and align the candidate's skills and abilities with a specific job opening. Additionally, if you so choose, or consent, we can match your skills and abilities to other suitable roles at Citi.

Importantly, all our hiring processes and decisions, including determining your suitability for a role, are conducted, checked, and decided by individuals. Our automated processing and AI do not involve relying on automatic or autonomous decision-making. Please refer to any Jurisdictional Considerations, with specific provisions for your country (where relevant) for further details.

-

Citi is an equal opportunity employer, and qualified candidates will receive consideration without regard to their race, color, religion, sex, sexual orientation, gender identity, national origin, disability, status as a protected veteran, or any other characteristic protected by law.


If you are a person with a disability and need a reasonable accommodation to use our search tools and/or apply for a career opportunity review Accessibility at Citi.

View Citi’s EEO Policy Statement and the Know Your Rights poster."
Gen AI Tech Engineering Senior Lead - Senior Vice President,Citi,https://ca.indeed.com/pagead/clk?mo=r&ad=-6NYlbfkN0B7UYL49yWBrrOlEWIsfJu1HwdoffaEv3MPqVgUrdyA2mtG2kyCvozLAsc4_zj8S6KYGOavVQ4nDSufdQJfK7Dq45BrSSxmtr_TiP3t3wxngebLFsxwezAd1kOByYx4Yizk2lNP9d63m2IHMshDZ0SS_ODx2rtq9-xLnv_EUnUWpj8BW34gXzvK5S9TSNbCrbTN8vXMghAf1Diw0YqGxOiCGHjvhL6zh0a-793lkv8L0MUOrr6tpK6nuvvly53iHS3L5ukBZO8bV2izqkI2zku113gyqZnGI9N9jdMFc4iYrmLsMs7BWJgrAU5A0_xOFQTJovKmepw5m48mnEd3NRBUFK02s3WJ4NknV6iY5U947kZk4cv9LL0WZFMjEpd21lCDHg4iWuCYCl1syCyF-eM6noCj7deMdltVcWvYzpHVlb1AYkogNeeKYMkF8QQzReYt1OB3v-yweF1EQtAkE9HNARLGvRY9_8xXDPZXpaKl8l7P5hgvoah0k2Su4hbvagVceDMF51-PBNml2e4xbWVEczp9XIWWaS0zAiGv9U1od5yDT4S6FgiL3-Fjxm6bf3oki9PjN5Gye8h_hlKTsiGobhOv9mQJmCdK9ULwBXh9808gG-znv691lAfY3cCheNjAaIeIt4pG8PbinbLraYVGnEywra-TzeOsFSd1YhNUYfxnnseIvbRAuRSMl_wq1YvWo37H_Q4jsfEb2huhwz7fY6Nq0W2vf62Lx45Ue4gV1JNB-uoPuI2JIyO85ZHprl2VOZzX9Vi_05JP97Y_wDJzeyjaTRir7FbWbVjkuXsyA8e96wkYnJIXQoQN-OIcAmo=&xkcb=SoAh6_M3puv0wsyMbJ0EbzkdCdPP&camk=ethIe0s0hecJpMrJ8_hlJw==&p=14&fvj=0&vjs=3,"Overview of Citi:

Citi is a world-leading global bank. We have approximately 200 million customer accounts and a presence in more than 100 countries and jurisdictions worldwide. We provide consumers, corporations, governments, and institutions with a broad range of financial products and services, including consumer banking and credit, corporate and investment banking, securities brokerage, transaction services, and wealth management. We enable clients to achieve their strategic financial objectives by providing them with cutting-edge ideas, best-in-class products and solutions, and unparalleled access to capital and liquidity.

Overview of the organization:

The COO Enterprise Solution Engineering capability is responsible for the development of best-in-class technology platforms for Operations, including development of an integrated portfolio of Operations tools, end-to-end solution design for large scale transformation initiatives, design governance, and adoption of Generative AI solutions for driving operational efficiencies.

Role:

This role is for an innovative Generative AI Engineer to drive the adoption of Large Language Models (LLMs) and agentic flows, focusing on process efficiencies, automation, simplification, and risk reduction across enterprise business solutions. The successful candidate will contribute to the technical direction of products and services, instil engineering best practices, and promote cultural change within the organization. This position involves close collaboration with various technology teams to push the adoption of Generative AI technologies and agentic flows across enterprise-wide applications and processes, and to develop partnerships with third-party providers for validating and adopting best-of-breed solutions.


Responsibilities:

Contribute significantly to both engineering and research initiatives within the Generative AI domain.
Adopt a product-focused approach, ensuring the development of robust, scalable, and user-friendly solutions.
Thrive in a fast-paced environment by continuously testing, learning, and tackling cutting-edge problems.
Actively engage in pair programming, promote lean methodologies, and streamline processes by removing unnecessary bureaucracy.
Prioritize rapid delivery and iterative development, demonstrating adaptability and a willingness to pivot rather than pursuing a perfect upfront solution.
Develop foundational components and mature technology capabilities in Artificial Intelligence (AI) and Large Language Models (LLMs).
Drive the enterprise-wide adoption and successful integration of Generative AI solutions.
Demonstrate strong problem-solving capabilities and a proactive learning mindset, continuously acquiring new skills.
Exhibit excellent communication and collaboration skills, effectively engaging with diverse stakeholders.
Be adaptable and resourceful in navigating complex technical and organizational challenges
Appropriately assess risk when business decisions are made, demonstrating sound ethical judgment and particular consideration for the firm's reputation, its clients and assets

Qualifications:

Deep hands-on experience in engineering and executing enterprise solutions that scale effectively.
Fluency in at least two programming languages, with a strong preference for Python and Java. Proficiency in Javascript/Typescript and Golang is also highly valued.
Strong understanding of Language Models (LLMs), transformers, agentic frameworks, vector stores, and search algorithms.
Experience with relevant frameworks such as Spring (AI, Boot, Core, etc.), N8N, Flask, LangChain, LangGraph, and MLFlow.
Proficiency in database technologies, such as Oracle, Postgres, or MongoDB.
Experience with messaging and integration platforms like Kafka or JMS/MQ.
UI development skills with technologies such as React JS or StreamLit.
Experience designing and implementing REST and WebSocket APIs.
Familiarity with one of the major cloud platforms including AWS, GCP, or Azure/
Strong knowledge of infrastructure tools, including Docker, Kubernetes, Terraform, and Helm.
Experience with build and deployment (CI/CD) tools such as Jenkins and Gradle.
Good engineering experience with high-performance, large-scale AI/ML systems.
Experience in model risk management, guardrails development, and developing end-user adoption pathways for AI/GenAI solutions.

Work Experience:

A minimum of 10+ years of professional experience in financial services, technology firms, or dynamic start-up environments.
Strong hands-on experience with Agile delivery, product management, and value stream methodologies.
Proven track record in producing high-quality project artifacts and senior management reports within technology or risk & controls domains.
Demonstrated ability to structure and lead product working groups, driving consensus on requirements and facilitating the development and implementation of processes, data, and system designs.
Motivated self-starter with the ability to quickly learn new skills and effectively navigate complex organizational structures.

Education:

Bachelor’s degree in Computer Science, Information Technology or Engineering is required; a Master's degree is preferred.

-

Job Family Group:

Technology

-

Job Family:

Applications Development

-

Time Type:

Full time

-

Primary Location Full Time Salary Range:

$145,100.00 - $217,700.00

-

Most Relevant Skills

Please see the requirements listed above.

-

Other Relevant Skills

For complementary skills, please see above and/or contact the recruiter.

-

Automated Processing and AI

We use automated processing, including artificial intelligence, for our legitimate business interests (or our reasonable and appropriate business purposes) to identify and align the candidate's skills and abilities with a specific job opening. Additionally, if you so choose, or consent, we can match your skills and abilities to other suitable roles at Citi.

Importantly, all our hiring processes and decisions, including determining your suitability for a role, are conducted, checked, and decided by individuals. Our automated processing and AI do not involve relying on automatic or autonomous decision-making. Please refer to any Jurisdictional Considerations, with specific provisions for your country (where relevant) for further details.

-

Citi is an equal opportunity employer, and qualified candidates will receive consideration without regard to their race, color, religion, sex, sexual orientation, gender identity, national origin, disability, status as a protected veteran, or any other characteristic protected by law.


If you are a person with a disability and need a reasonable accommodation to use our search tools and/or apply for a career opportunity review Accessibility at Citi.

View Citi’s EEO Policy Statement and the Know Your Rights poster."
Wireless DSP Software Developer,Skycope C-UAS Technologies Inc,https://ca.indeed.com/pagead/clk?mo=r&ad=-6NYlbfkN0A7000hUPCMxGwW2vqsju70Hf0EmrA2m_tK6c2VLeUIj83BKDxPVwEaTcqH4cVtxVW67M7Ik8x9X9226pN2roPaQRvaMj7cK9iB9KxwZVHWmunIqdp934BxHtD5ZglaEkFuwHLzKXgeR1r9fgjCWJ0LJWl9JT03sa_7c7-tOsmZpxGNe6j5vZBS60u_xEh7EW-Rnhw_qsFGJ5lbYKrx8Vmdf2Vn9k4JUZWthvIKxght2xK3cZXrGaHH-jCIyRLBp4_tFhPJv9quJC-Tf9KBkD3-RtpoYtuBC8MyWb02R7iROal52t2YZv0rIfEcxCFmRpn4rmXqeQ0Emv_tqIOvxTG7Cg1tjcuavY8emTNqYR4Gj1GbhoyLaESABya36anmzjVbwt3cT1qbNxCNxRHanMxF1KCcpZ1G9AFISxmCwH_eUAZ_JlU0pKlS4MvFLPyWYvcRQ2TmbeRozi9IAa4n8TdeeTz-JBYuoCfr7mnP18KblWITG5Gi5V-rocOui8OT44v4qvjFiuG356DfLNnHN6yNxpR_PV0AfmAv942BnfUXlR60zUCP_BnKcOYBOQj7wiPdnsvW6k-1jckQIR3kWypnWRBcw-335OYRb-eomK_ymwS2kXHXDTN_24ws6wALoB-WUyyaucbHI79gNeuKB0xu7ywAH_1VaacrvBkWsJNGS8dEHyEoJ98RCPcsqE_KbSbSWCyNMZ_jmA==&xkcb=SoC66_M3pvahBMSJaB0LbzkdCdPP&camk=ethIe0s0heeCbmzyruNrvA==&p=0&fvj=0&vjs=3,"Who We Are

Skycope C-UAS Technologies Inc. is a Canadian deep-tech innovator redefining the future of airspace security through advanced radio intelligence and AI. Headquartered in Burnaby, British Columbia, we are powered by a world-class team of PhDs and domain experts in wireless systems, embedded security, and cyber security.

Skycope has grown from a research-driven startup into a globally recognized innovator, with deployments across North America, Europe, Asia, and beyond. Our team includes scientists, engineers, and specialists in RF systems, embedded design, and AI-powered signal processing, all working together to bring cutting-edge technology to the world.

We are proud to have earned the trust and support of the Canadian government, and to be recognized by multiple international defense and public safety organizations for our technical leadership and operational reliability.

Operating at the intersection of AI, RF, and cybersecurity, we bring mission-grade performance to the world’s most complex airspace challenges. With a culture of relentless innovation, integrity, and impact, Skycope is building the future of intelligent RF security one breakthrough at a time.

Job Brief

We are seeking a skilled Digital Signal Processing (DSP) software developer to join our core R&D team and develop high-performance DSP routines for wireless RF data (IQ data) on multicore CPU and GPU platforms, using medium to low level programming languages such as C, C++, and Assembly. In this role, you will be instrumental in implementing heavy signal processing tasks on CPU and GPU platforms, optimizing algorithms, and collaborating with R&D to enhance our wireless communication systems. In addition, this role offers the opportunity to grow into the technical leadership of our DSP team.

Key Responsibilities

Adapt and implement existing wireless RF digital signal processing (DSP) algorithms for multi-core CPU and GPU platforms, managing all stages of development including design, simulation, and testing.
Write highly optimized C and C++ production code that is focused on processing high-speed wireless RF data (IQ data), parallel execution across multi-core CPUs and GPUs, and efficient memory usage. At times, you may need to tweak the assembly code to get the best performance for the specific task that the hardware is performing.
Profile, benchmark, and tune performance with industry tools (perf, VTune, etc.)
Optimize algorithms for efficient multi-core CPU and GPU implementation, considering resource constraints and performance requirements.
Collaborate closely with algorithm developers to adapt and refine algorithms based on implementation challenges and performance goals.
Maintain and improve the company's DSP development tools and infrastructure.
Evaluate and integrate new technologies and tools to enhance DSP development workflows.

Minimum Requirements

Minimum Bachelor's degree in Electrical Engineering, Computer Engineering, or a related field
Minimum 3+ years of experience in software development in C and C++ for DSP applications.
Strong experience with C and C++ in embedded or high-performance platforms.
Experience with radio frequency (RF) systems, or wireless communications, or software defined radios (SDR)
Strong proficiency in software design and implementation of real-time digital signal processing routines for wireless RF data (IQ data), including frequency shift, filtering, downconversion, channelization, FFT, cross-correlation, and array processing.
Deep understanding of digital signal processing theory and implementation.
Deep understanding of fixed-point and floating-point processing.
Comfortable with tweaking assembly code for getting the highest performance for specific tasks.
Experience with MATLAB or Python for system and algorithm assessment.
Excellent verbal and written communication skills
Fearless attitude in jumping into new and sometimes unknown topics.

Bonus Skills

Experience with NVidia Jetson Xavier platform.
Experience with security-focused embedded systems
Good understanding of other communication systems, such as OFDM, LTE, WiFi, Bluetooth, etc.

Job Type: Full-time

Pay: $100,000.00-$150,000.00 per year

Benefits:

Dental care
Extended health care
Life insurance
Paid time off
Vision care

Application question(s):

Are you a Canadian Citizen, Permanent Resident? If you are on a work permit, please write how many years you have until the expiry of your work permit.

Work Location: In person"
Senior Full-Stack Software Engineer,Skycope Technologies Inc,https://ca.indeed.com/pagead/clk?mo=r&ad=-6NYlbfkN0A7000hUPCMxGwW2vqsju70Hf0EmrA2m_tK6c2VLeUIj3XPtMixHadkxVLNw0Wk13O66SJcmed2u1zwcBBkKPpGEr3xtNYOUX4LqQQxMvzrZyx3DnNKnzSq_LBtvUwfwOZNXx_BcJlzxZ4abQaxseW7rIgQ0W85QIpbhWcb0M65FEviwJPKgXH02G0tQZxztLtj6FktuWmpIDIz2cFBwf1JL32Put2fUxDFW1Mrko_1LCq5CYqnJ_1GceHWOwFaGqRVfegNh64fCFJgxVsoRcX_ET-LhOIZmwQcSzYzdA9rzJuw7ht_F9ehWJc5ECTPYJ478BghVApkHCRlChuuhpgJYxOXq1jTSRDlQJ0ZShabgyQxgBFcxQP0LASEwxWxmh5ZIx9CMV4CLJiNR4QReXuFYYG6sbkhuXLwckbQvIZXOBQ8pjOCOFKmqx6E1LltqJS5C5ZdHIScNk1tIaL93_xjsBCFvVduu4ai4LTFH1y4lliq5lIiE6ls6aGu9Uviq-j75Bd78Wg3auqK0v199ebGgT-r2CtV2RUjhON2Q852a_DMqKs3sSbrW9GprK1UbpWmQrgh4TR-o_HHwk-1i6EuQZcJF4w7gRuo97a3PuFlgkjmjV61A-kWgYWJvwj0dJLk5r9O_KS5QHAjhItG4ugAFROEjhqYpAdfbr1Teg7mlhJ8WPH4r0UXmGftEwgwG5qsDKr5vjd3Pe7Qwp6nzquV&xkcb=SoAO6_M3pvahBMSJaB0KbzkdCdPP&camk=ethIe0s0hecrYRjWKDJWlw==&p=1&fvj=0&vjs=3,"Who We Are
Skycope C-UAS Technologies Inc. is a Canadian deep-tech innovator redefining the future of airspace security through advanced radio intelligence and AI. Headquartered in Burnaby, British Columbia, we are powered by a world-class team of PhDs and domain experts in wireless systems, embedded security, and cyber security.

Skycope has grown from a research-driven startup into a globally recognized innovator, with deployments across North America, Europe, Asia, and beyond. Our team includes PhDs, engineers, and specialists in RF systems, embedded design, and AI-powered signal processing—working together to bring cutting-edge technology to the world.

We are proud to have earned the trust and support of the Canadian government, and to be recognized by multiple international defense and public safety organizations for our technical leadership and operational reliability.

Operating at the intersection of AI, RF, and cybersecurity, we bring mission-grade performance to the world’s most complex airspace challenges. With a culture of relentless innovation, integrity, and impact, Skycope is building the future of intelligent RF security—one breakthrough at a time.

The Role

We are seeking a highly skilled and proactive engineer to join our multidisciplinary R&D team. In this role, you will drive the design, development, and optimization of numerical algorithms and system-level software, contributing directly to high-performance commercial products involving wireless communication, sensing, and edge computation, with a focus on “no-outage software”: highly available, fault-tolerant, and production-resilient systems.

Key Responsibilities

Algorithm & Software Development

Analyze, refactor, and enhance existing numerical algorithms and system components to improve efficiency, robustness, and failure resilience.
Design and implement internal tooling and production software in Python (required), and optionally C/Matlab, ensuring conformance to no-outage software principles: graceful failure handling, state integrity, and long-term stability.
Build modular, fault-tolerant code for deployment across heterogeneous platforms (on-device, edge, server).

Feature Design & Implementation

Independently design and implement complete features or functional modules, from concept to deployment.
Ensure your code is robust, well-isolated, and can handle failures gracefully, following no-outage software principles.
Perform in-depth debugging and root cause analysis for edge cases and runtime issues.
Develop diagnostic tools and logging pipelines to support observability and fast recovery.

Hardware-Software Integration

Lead test-and-discovery efforts to evaluate new hardware platforms, ensuring reliable operation under varying load and physical conditions.
Collaborate with QA and hardware teams to validate system-level fault response and software recovery pathways.

Required Skills:

5+ years of industry experience in high-performance or embedded systems development.
Strong programming skills in Python; clean, production-grade code mindset.
Familiarity with fault isolation, exception handling, and resilient system design.
Proficiency in Linux environments, shell scripting, and system-level debugging.
Knowledge of system availability concepts (e.g., watchdogs, health checks, safe fallbacks) is a plus.

Bonus Skills (Nice to Have):
Experience with one or more of the following:

Embedded platforms, such as NVIDIA Jetson or other edge computing devices with high availability requirements.
Go (Golang) for building resilient internal tooling and microservices.
C/C++ and/or MATLAB for numerical algorithm deployment or embedded development.

Job Type: Full-time

Pay: $130,000.00-$190,000.00 per year

Benefits:

Dental care
Extended health care
Life insurance
Paid time off
Vision care

Ability to commute/relocate:

Burnaby, BC V5G 1J9: reliably commute or plan to relocate before starting work (required)

Application question(s):

Are you a Canadian Citizen, Permanent Resident? If you are on a work permit, please write how many years you have until the expiry of your work permit?

Work Location: In person"
Contract HTML5 Game Developer (Phaser.js / JavaScript / PHP),Center for the Unification of Science and...,https://ca.indeed.com/pagead/clk?mo=r&ad=-6NYlbfkN0AmWfRz_xmRG2qTTOAlQzWpi5WM4MdazC7Fp3X4qJX4KoFvc75SU5a38FKJx5QhTUKHmlz66IcdX0GPFV5uMFthUXYBLkYW3m3Y_Rk4i0KBsane1CfIGh-biDicwpap8Km1UMJ1FfDUIZPSQ7l1BqyL9fyGlcqAHXihnK6x3FGCPaf4ckIEX9n8jI9gGSEFgkQbhdJfQ7AUs-o1bmGCmSqM9U2zAStw4rN04RWhIEpOcVaDEAO1YQTwqjhutLFT58Li1Ga2nWA5u0szeIIgRpl5429FhEDHhYUwucVdi2UtYMC5foMEn2RZSVkvs6zOSq9npwEEVeVzIFQUh3F5aYYy-LUnBOAS7hFkjAybA430skct4j42IuKfKVISWoJgnJYXF09x7W-bXvJg50-ujr_kABzKpVd-pPw6NNWr3xzm_cIkuzYbH8lEaP1NvdOPQkxYzlm3CUWTvOSpL3-7yFN63mEPF9gVTb3rPKSqa1g0QIRkeEwQ21w2r_M9Lur8gyKFT6lrJXB29KvS3OodE6Oj_6IaUa4HsJRwmiG6kh160nDw6yVNaQiCeBoO7RXjt6eM3XMG7XJNZD0Hdlt0pFTI7DoFaDQm1QgkrOheJhx1fskVv0TzySHys5EvQJBGMINujAJSF9OW0JOsqWwq-shUa5FemtVsf_c0JR6jSX-b-RLtChoOhrnBvc4_FvH_ANYyxO5Rnzs4rN-2qNTsghf_yTukv5Kjeuv4w_7q4OByYbm2uvHuiZLl&xkcb=SoAn6_M3pvahBMSJaB0IbzkdCdPP&camk=UoKtGZLa3XKcmQCXzKHUlw==&p=3&fvj=0&vjs=3,"Job Summary
CUSAC (The Center for Unification of Science And Consciousness) is seeking a remote contract HTML5 game developer to build multiple browser-based mini-games over the next several months. The role focuses on Phaser.js and JavaScript game development, with integration into an existing PHP application using UserSpice for authentication and user tracking.

This is an ongoing contract position suited for a developer who can work independently, iterate quickly, and deliver polished mini-games on a recurring basis. You will

Responsibilities

Develop HTML5 mini-games using Phaser.js (v3)
Implement game logic, including rounds, scoring, timers, feedback, and end states
Manage and reuse game assets (images, sprites, buttons)
Integrate games into PHP pages secured by UserSpice
Send game results to backend PHP scripts using fetch / AJAX
Ensure game data is properly associated with authenticated users
Deliver multiple games over the duration of the contract
Collaborate remotely to refine gameplay and requirements

Required Qualifications

Strong JavaScript skills with a focus on game development
Experience building HTML5 games using Phaser.js (or similar frameworks)
Solid understanding of HTML5 Canvas and browser-based rendering
Experience calling backend APIs via fetch / AJAX
Working knowledge of PHP
Experience with UserSpice or similar PHP authentication systems
Basic experience with MySQL / SQL
Familiarity with HTML/CSS (Bootstrap a plus)

Preferred Qualifications

Experience building educational, training, or assessment-style games
Ability to create reusable game templates
Experience working in a remote contract role
Familiarity with Git or other version control systems

Contract Details

Job Type: Contract
Duration: Several months
Location: Remote
Schedule: Flexible, milestone-based
Start Date: As soon as available

How to Apply

Please include:

Examples of HTML5 / Phaser.js games you’ve built
Any experience integrating games with PHP backends
Links to GitHub or live demos (if available)
Your availability and contract rate

About CUSAC

CUSAC (The Center for Unification of Science And Consciousness) is a small and dynamic US based non-profit dedicated to pioneering scientific research on consciousness, its relationship with the universe, and the advancement of interdisciplinary studies in this domain. We collaborate with leading scientists, researchers, and institutions all over the world to push the boundaries of understanding and make our work accessible to the public.

CUSAC Projects

Our practical, data-driven projects generate empirical evidence to fuel groundbreaking theories. Leveraging scale and virality, we maximize impact and accelerate momentum in the field of consciousness research. Current initiatives include:

Quantum Experiments: Investigating the Simulation Hypothesis and consciousness collapse theories through delayed choice quantum optics eraser-type experiments.
Extended Perception Experiments: Conducting rigorous studies on 'Mindsight'—the ability to see without physical eyes, with plans for a large-scale mobile app experiment.
Mind-Matter Interactions: Exploring whether human intentions can influence quantum randomness in video games using Quantum Random Number Generators (QRNG) at scale (N>1M)
Theoretical Framework Development: Supporting interdisciplinary research in neuroscience, physics, philosophy, and AI, while building an AI chatbot that consolidates consciousness theories into an accessible resource.

Why Join CUSAC?

Work at the cutting edge of scientific exploration into consciousness and the universe.
Play a critical role in advancing and managing groundbreaking research.
Be part of a mission-driven organization with a strong vision for the future.
Startup environment where freedom and initiative is highly valued.
Truly flexible work arrangements.

Job Types: Full-time, Part-time

Pay: $30.00-$90.00 per hour

Education:

Master's Degree (required)

Work Location: Remote"
Vision Software Developer II - Applications & Algorithms,LMI Technologies,https://ca.indeed.com/pagead/clk?mo=r&ad=-6NYlbfkN0DVyFvn6KNrme0qWK4PNhlu3RlnHL78IF6EgpbnUMzpFaEdfNrZtp38HfMwKMFMMk9_4hbLTbKlz2C40QlPxz-z9CQ_q-Fz9ec92cFrjxUvHOzIMwZGkfmbwjoxvYIp20m418PiXzCXah84L7tH5DcQWjk1BXVPp8MOUA9ITKbvCJyVh8aNUQkH9d2E70FUg9lpa8M6ojvUQxEBHGS3LGBAU-rT9QQV4ntGYB2EwqthL7jiq2GKnHdWEhx03q1lvl0KdP3ssXvViYQnX2JXGbA8oR_otuwFKnrvjnLuijljPCoRzp42qucDgEpwuzfOoKnjQVVDsufbLilepVkeGa3XakRYzOEC7GZ1vv_827rA-FTHVamkfMqSv2CmbYkoEQ1HXSDrDqyj6clY17NW5PbX43pNSmmmhSfa7IGtBDTUThTXublGeUZWFbEvt7ucO6k-WqLiXN_nIkwV0h9LH-WZMYXRsGh7rJuLTiItZclzXpVbsnIpi-6_K9rPLEqJrRTCRPY7Fn8pk0Ql3lHoIktbLJn1rlE_ajGBxkMikpz42q_gYomQldzDOZb8fP0vt4mBzb-VNaGbleGfp80gScim7MafSdkih3vy705sHEhXeR5YZqaYMbyiHcZ7A6cIzR5aFLbEhP11oBA7_sJdCghGt1Rq_PO_iEVqayUq6PQZ8yWJau87WICjirOYgJ4anFoRbr_NLgPp9TOTWTzej7Az7w_smvkhXLDf16Mv3ap67L-LJQje2VHa3CW_c8h0mo17mrmVFZT-dYkSvA4JgK7afaUQsiSPAMfvQpgyr50G7gtWIHd8uX21WvttCL85ZYUMuzJRtESyCg==&xkcb=SoAd6_M3pvahBMSJaB0ObzkdCdPP&camk=ethIe0s0heeFR86g9RvtZA==&p=5&fvj=0&vjs=3,"LMI Technologies, recognized as one of Canada's best workplaces, is a medium-sized technology company built on a culture of openness, respect and professional excellence. At LMI our staff work passionately towards the common goal of designing and delivering innovative 3D machine vision solutions to OEMs and System Integrators. Our customers rely on our cost-effective 3D sensor technologies that deliver the best results in even the most challenging 3D inline inspection applications.

The Opportunity

We are seeking a Vision Software Developer II to join our dynamic Applications and Technology team. In this role, you will report directly to the Senior Vision Software Manager, acting as a key technical contributor in a team of 14 high-performing peers.

You will sit at the intersection of R&D and real-world application. You will take the ""unsolvable"" problems our customers face and turn them into deployed, high-performance 3D measurement solutions.

You will elevate the team's capabilities by designing robust algorithms and proof-of-concept tools that demonstrate exactly what our technology can do. If you are a developer who loves math, physics, and seeing your code interact with the physical world, this is your home.

How You Will Make an Impact

Innovate & Solve: You will translate complex customer requirements into sophisticated C++ algorithms for pre-processing, segmentation, feature extraction, and 3D measurement. You turn abstract geometry problems into working code.
Elevate the Tech Stack: Working closely with the Senior Manager and your 14 peers, you will help standardize best practices, ensuring our application code is not just functional, but scalable, maintainable, and ""best in class.""
Bridge the Gap: You will act as a technical liaison, occasionally traveling to customer sites to deploy prototypes and gather insights that you will feed back to the VP of Technology’s group to influence future product roadmaps.
End-to-End Ownership: From designing the initial algorithm to building the HMI interface, you will own your projects, ensuring tight delivery timelines are met without compromising quality.

What You Will Do

Algorithm Design: Develop and optimize real-time 2D and 3D vision algorithms (filtering, point cloud processing, metrology) to solve specific inspection challenges.
Prototyping: Rapidly build proof-of-concept applications using LMI’s 3D smart sensors to demonstrate feasibility to major OEMs and System Integrators.
Collaboration: Participate in design reviews with your peer group, offering and receiving technical feedback to mitigate risks and improve code quality.
Documentation & Reporting: produce clear, analytical technical reports and documentation that summarize results and propose concrete solutions to stakeholders.
Continuous Improvement: Proactively identify areas to improve our internal tools and processes, supporting the Senior Manager in driving operational excellence.

What You Bring to the Table

Education: Bachelor’s degree in Computer Science, Computer Engineering, or Electrical Engineering. (A Master’s degree in a related field is a strong plus).
Experience: 3+ years of professional experience in software design, specifically within Machine Vision, Image Processing, or 3D Metrology.
Technical Stack:
Strong C/C++ programming skills are a must.
Solid mathematical foundation (Linear Algebra, 3D Geometry, Statistics).
Familiarity with vision libraries is highly valued (e.g., OpenCV, PCL, Halcon, Cognex VisionPro).
Problem Solving: You have a proven track record of breaking down vague requirements into technical specifications and delivering working solutions.
Communication: You can explain complex algorithmic concepts to both technical peers and non-technical customers.
Agility: You are comfortable working in a fast-paced environment, managing multiple project milestones, and traveling occasionally (domestically and internationally) to get the job done.

What We Offer

Salary Range: CAD $88,000 - CAD $130,000.
Health Benefits: Full health care coverage (with 100% paid premiums) including dental, vision, and drugs for you and your family.
Financial Perks: A competitive Profit Sharing Program, a Group Retirement Savings Plan, and a monthly internet allowance depending on the location.
Work-Life Balance: We support a healthy balance with hybrid work arrangements, flextime, and generous paid time off.
Growth & Development: An annual Education Support Program for training and professional growth, plus annual performance reviews and Lunch & Learns.
Enjoy free healthy snacks and drinks, team-building budgets, tenure awards, and our official ""May the 4th"" (Star Wars Day) company holiday!
Access to an on-site fitness facility, tennis/basketball court, and company-wide wellness challenges.
This is a hybrid position based out of our Burnaby, BC headquarters. To support our collaborative model, preference will be given to local candidates.
Please note that financial relocation assistance and immigration sponsorship are not available for this position.
We are recognized as a “Great Place to Work” for 10 consecutive years, spanning the 2016 through 2025 annual designations.
#LMISJ

We assure you, once you complete your application, your information is safe with us. To learn more about how we use your personal data, please review our Privacy Policy (https://lmi3d.com/privacy-policy).

YExOpA0jRe"
Google Apps Script Developer & Automation Specialist,TAHA College,https://ca.indeed.com/pagead/clk?mo=r&ad=-6NYlbfkN0D804oBGEbWsuQ_ljIHYn7Orj1Xapl-Uy6CSo87k9YtqR0AMJ9H2y8n407jrtCuMHXZwHbGcxowSoOW730ncARTj8YsmrllqtDYsHtRab3Nzuxb91lYplJ2Ss59ajzdT8ldwzW5VmYb9MwPF5YZ4zXaTvIfWUBYJiAHOPOtbzlRx1HhgHTik_KxrwAKRRas5PwAOiQdYJySbyPqCBS5ynjFD2laVMKUUXzDP2MGvbKNsOOLylkbRFDuF3wfyZKLhJ1YONPViPu56nnJ0xzWFBpKrC9kHyNyLo1_rokL-xcsYVf9WsGb8omO06WRgg7RQHgfFX4B3vOSQK1HYDsX479BQW8O-V_06wd0RyEsHFJug9NGHTTFFHb3aYoYdpZhiQTDFpjOqeJqAFr-PGSBAbn-ocD0lFWRMx44M9jh5t2UXhIf-dwHdmUrSkfk1g3d45cX5zLA8VDXTyGYR5EHMhxiySBTudi2Jut09optYoRlEDKMdLxmQrrMQDVfOFy03TKH_NwkxzBJIefaZaE8UfurUuGuHh8LEra7EOnMXb1_GpVWBxDZhbfmjHGglyXccFtMUVvJLaUVDyxbdJ8mUSI7dmyTEWqan4nlLs10vOygTUS0Q7hRWTRqKOYIpWzv8hBkuYqCLbxSoAzkJkWCACpkLn9I9ovguMPNGLtSv5Lh6AJsVpV_KkYI9bRaPvDuL9dn4O5ZATPnwA==&xkcb=SoCA6_M3pvahBMSJaB0NbzkdCdPP&camk=UoKtGZLa3XLj7dLTu_MNZA==&p=6&fvj=0&vjs=3,"**** IN PERSON TEST IS MANDATORY DURING INTERVIEW

Duties

Develop and maintain custom Apps Script solutions to automate workflows and improve efficiency
Create, manage, and troubleshoot Google Sheets scripts for data processing, reporting, and task automation
Collaborate with teams to understand project requirements and translate them into technical specifications
Monitor and optimize existing scripts for improved performance and user experience
Integrate external APIs and services into Google Sheets for enhanced functionality
Provide technical support for script-related issues and training for end-users
Ensure data integrity, security, and compliance in all automated processes

Qualifications

Proven experience in using Google Apps Script, JavaScript, Python and other related programming languages
Proficiency in Google Sheets, including advanced formulas, macros, and data manipulation
Strong analytical skills and the ability to automate complex workflows
Excellent verbal and written communication abilities to interact with team members and stakeholders
Knowledge of integrating Google Workspace APIs and third-party services
Experience in customer support or technical troubleshooting is a plus
Familiarity with cloud platforms such as Google Cloud Platform (GCP) is advantageous

Job Type: Full-time

Pay: $22.00-$23.00 per hour

Expected hours: 30 – 35 per week

Benefits:

On-site parking

Work Location: In person

Expected start date: 2026-01-02"
Salesforce Commerce Cloud Developer,Eminence Organic Skin Care,https://ca.indeed.com/pagead/clk?mo=r&ad=-6NYlbfkN0BadlywUQT2VptN27rMPjoehhHInhiprURoxuuqfZSoxuyT7IjSL464PUAu7vBN9gSWSmag-utFCyEHm11Sn4MBFidzCGEe8fJCsR4fGCNbLfKzxDzdLCKrjS0FYsBmYFZh6ChAgTS-GZtLk1N87EGqN8SRqAcVlt5AL5lHSAr_LLhZEAjuegP9N-wKxA-pl65kFWZa3OGQktEqy7fURuIJsv2W3PppUo7vTWMUjIDezDb96qpCUkDJ9rkjKwq68GQuXBC_mOJHMAdKu4Al-MBOaHKher2N43WzqLQJb3JddsJQaPDf_rWA1jsdwR0mOMkztSyX4EapNRjn3GGZY3aRVIciYGRHSfbDrk3HOT6zQCHZZJHrDXjFyAsOr0rQ75W5Ukr0-f8J1OhAEr4PEa5hIS1ql-lvp65WB9C6my5Nz60tHtwGPuGUTETIT1IyODHRKzuLWYp9eZBvxi66nZ_Bz7DNxCm_pvc5t2f9UTva7PV3Nof6-fQ1TWOR5q-OMMcwKIVR4ZQy_i3WdLj0FI9yjRonrBRSHO23U6dNnMHzHHosDZiLgIWWGVokrOfJ4QIHn6BiBkhFHl0lAm9Ds2igiIonw5qzE2UGyffZVD7Cn9Oeme7kYdtE8QO-0WyJ22_QbhDln4_IUhPphvyDG9Tk-q72qzZWVuBt46z1wtuORpRSpWLyy5FSsdz9kRkbJAI6n_bWO1zd2UhTeto5Ypa8nhipZgEWK_kAbCLR88WZP85vvZsQ9rcm&xkcb=SoA06_M3pvahBMSJaB0MbzkdCdPP&camk=CPChkbYSGj9QayLiIV3BrQ==&p=7&fvj=0&vjs=3,"Location: Canada (Vancouver Central Office or Remote Office Location)
Core hours: Monday to Friday from 8am – 4:30pm PST

We value collaboration, both in-person and remotely. This position is classified as Remote under our Hybrid Work Program Policy, where this position will work primarily from a home office with occasional in-person attendance.

Role Summary
As the Salesforce Commerce Cloud Developer, you will work with our team of developers and stakeholders to design, develop, and implement new features and functionality for our platform and will ensure that our systems are scalable, secure, and optimized for performance. You will have a strong background in Salesforce Commerce Cloud development and will be responsible for developing and maintaining our cloud-based e-Commerce platform. In this role, you will report directly to the Senior Manager of Salesforce Platform & Data Analytics.

Responsibilities

Manage requirements and development work specific to Salesforce Commerce Cloud
Work with stakeholders, design and UX to gather requirements and design visually appealing features that meet business needs
Build and maintain integrations with other systems, such as payment gateways, tax systems, Salesforce Order Management System, and Salesforce Loyalty Management System
Develop and maintain customizations, such as product configurators, pricing rules, and promotions
Write clean, maintainable, and testable code, following best practices and design patterns
Code review and approve consultant and peer development code
Collaborate with other developers, architects, and stakeholders to ensure that our platform is scalable, secure, and optimized for performance
Develop and maintain unit and integration tests to ensure code quality
Troubleshoot and debug issues and provide timely resolution
Keep up-to-date with new technologies and trends in e-commerce and cloud computing

Qualifications

Bachelor's degree in Computer Science, Software Engineering, or related field
5+ Years Experience in Salesforce Commerce Cloud development on the SFRA platform
Experience with Azure or other cloud platforms
Experience building integrations with third-party systems, such as payment gateways, shipping providers, Yotpo or HubSpot
Strong understanding of web technologies, such as HTML, CSS, JavaScript, and REST APIs
Experience with version control systems, such as Git
Good understanding of B2C and B2B commerce practices, including customer journeys, composable storefronts, order management and payment systems
Experience working with an agile methodology
Ability to write clear and detailed technical specifications and documentation
Ability to consistently develop clean, valid markup

Total Rewards

Competitive salary, quarterly and annual bonuses based on individual and company goals
100% employer-paid premiums for extended health, health spending account, wellness program, green transportation incentive, various paid time-off options available from your first day, and product discounts

Focus on professional development, 1:1 meetings with your leader, tuition assistance program and length of service rewards
*

The Application
Please submit a resume with a cover letter.
Applications are currently being reviewed. Immediate submissions are still welcomed.

Our Company
Eminence Organic Skin Care provides premium products and unparalleled service to leading salons, spas, beauty professionals, and retail customers. For more than 10 years in a row, skin care professionals have voted Eminence Organic Skin Care as their Favorite Skin Care Line and their favorite company for Product Education. As a Certified B Corporation®, we are looking for Team-members who seek to positively impact lives within our communities, give back through philanthropic endeavours, and make choices to exemplify sustainability and be stewards of the environment.
Eminence Organic Skin Care is proud to be an equal opportunity employer. We are passionate about maintaining an inclusive workplace that encourages and values diversity.
#EminenceCareers

PhncMbVlgP

Work Location: On the road"
Tekla Extensions Developer,Stubbe s Workforce Inc,https://ca.indeed.com/pagead/clk?mo=r&ad=-6NYlbfkN0BFRiYxgNpsJAgX1vttem1RMdkz_8xfSFUgJjQl5YD82VxR_h9rBdAg-HD8DNbtgG3daUylRLBYYq_LY2YKLaAPdXghqspRVdHPSGPCNpjW6E17VxhLHy9ZeDd8oB6q1HiLVf2aaJBSIkV1vURlVCmMLQr-mnlhQI2YE8kWPAf-KIlVSZgV-A05qT0F4_AqS8IS775mu3nbCrZhutwLtACySbtDZps1xNjQlkjkJTSozyDnStbRN64VxTo-b2ydRZDZ0rXT7aWktUPkTLa-Of3v6_D3Td6nXmHci74lWSPNTvYl6n575xIoBi08v-KiOTHbhTaTsLPkhwkpRzHUQCSrcxZBqwst8PPHLHjgIaVuoFo3ucIUBjQMROa0hwyXOcbz23DyZas-kDkSYUvo-pkRcHOIEUH3YunL6_jBgb5OVrySCqhc9BJm1431NhK9yrigDZK9UTwqUcAGmRpvdNsxfOjyRHFl4WtrUjitQd5HXfnHRjGCBsJ2nfTPMx14IBpIXUoDm2OQpJGMXj9_Kc1Kzxs8JbV_H1r8xBQIZrkdpSMIM7dEMq2vKiBdRU2UGnADwZPOEDJ2KR4wXTaQbhShY1dN2gkn-PT2skdUtQw5dubxXD01p9uhPEm-gpSfH6V9cnTIjPb0GsM_yZL8YSepO8_wsjWJRuF1QDeL4uV4LfOorbCJpKsbbJklb8YSfDaVKp9KaGWOIzCIHoZyqHPbZHx-3lPCN9Eht0NkRzeBLGbOUU2WELVdpmV-eDIwWqHzTJJyFLDv8hj1-nK-a4H1ie7BgEInT4UhfdrhzbJuQh-VzzLZ9drGqglT3FCVD5zYE4ERMDX9iVQ0ZWI5J9gyAQBOeZkYZ7hfqP7HwJPI_cOF8iH39Ch2q83TqOWfWQiYsglBNdWatwlWIGQ6RTWfRduPApnJ2-qTPWYou5hCYt7SX18wnsVJ&xkcb=SoDd6_M3pvahBMSJaB0DbzkdCdPP&camk=nUmJqO2E8rhPx9BlzadWVA==&p=8&fvj=0&vjs=3,"Tekla Extensions Developer

Location: Harley, Ontario - on-site position

OVERVIEW

Stubbe’s is a family-owned and operated company that has been in business for over 40 years. At Stubbe’s, our continued focus is to provide unique, cost-effective, and lasting building solutions.

Stubbe’s started as a small precast company servicing the agricultural market, evolving over the past 40 years to a diversified company that provides a wide range of concrete (related) products and services.

Stubbe’s is known for its forward-thinking solutions, quality and customer service and offers significant experience and expertise in providing optimal solutions for commercial, industrial, residential, and agricultural structures.

We are seeking a Tekla Extensions Developer to build extensions: components, C# plugins, macros, and utilities for Tekla Structures that standardize modeling, accelerate drawing production, and deliver accurate data to Trimble Connect, ERP, and production systems. We welcome strong C# developers from adjacent CAD/BIM ecosystems; Tekla experience is a strong plus but not required—training and mentorship will be provided.

This is a full-time, on-site position requiring effective collaboration with modelers/detailers, project managers, and software development teams.

THE DAY TO DAY

Design and build custom tools for Tekla using C# (plugins with user-friendly dialogs, macros, utilities).
Create drawing automations: templates/cloning, rule libraries, filters, dimensioning and view setup, and batch publishing.
Standardize UDAs/property sets, naming conventions, Organizer/Task Manager setups, and implement data validation rules.
Develop model health checks and fix tools (geometry/class/profile checks, assembly completeness, statuses).
Build and maintain exports/integrations for ERP and production (e.g., CSV/JSON/XML, Unitechnik, BVBS, PXML, DXF, IFC) and Trimble Connect sync.
Collaborate with the developers, detailers, and project managers to capture requirements, prototype, test, and roll out improvements.
Maintain source control, code reviews, and CI builds; document tools and train users.
Support Tekla environment upgrades and extension management; troubleshoot performance and data quality issues.
Monitor adoption, gather feedback, and iterate to improve speed, reliability, and usability.


WHAT WE ARE LOOKING FOR

Bachelor’s degree in computer science, Engineering, or equivalent experience.
3+ years professional C#/.NET development, including building desktop tools or plugins.
UI development experience (WPF preferred; WinForms acceptable); familiarity with MVVM is an asset.
Experience automating or extending at least one 3D/CAD/BIM platform (e.g., Revit, AutoCAD, Inventor/SolidWorks, or similar).
Solid understanding of BIM concepts and model-to-drawing workflows (properties/UDAs, assemblies, naming conventions).
Source control (Git) and modern development practices (code reviews, unit testing, CI/CD basics).
Strong problem-solving and ability to translate user workflows into reliable tools; clear documentation and communication.

HOW TO APPLY

Qualified applicants can submit a resume or visit our website for more information.

Stubbe's is committed to providing accommodations to those individuals with disabilities throughout the recruitment process. Upon request, we will work together to meet any of your accommodation needs. We look forward to hearing from you!


INDHP"
Software Architect,DocuPet,https://ca.indeed.com/pagead/clk?mo=r&ad=-6NYlbfkN0C5tYKOF7UACUZOPdMjPQGgbcOZz4RZcw-x04BV0B0k-cqNZMGBCDsa1j2w_7XJ0D1xKpj5kx8Urx5oHk7Uk-Ii_7Zwx-zgiLesIIhnNfSMxg_75Cd5s6UvfAotclYaLNm9-7Bxjt7z_R0E-8YEcAqBjFsL3htY6r0zhIEqAKzZjgMwrE3yTYB_CEUgD5Y6Gs2ofHGLppPaVP10nOOxMTY2udSwPOrFOugk3L_OAShvf4m5ChnlF2H6nTPSSKs0bT5SZd9QCuMZIahhdZ0n3v70bFfvT4hERaVUTUd5bjmbEGyFK1IlYVy3YOQvumBa4cTB3XqMgPcd4uTg4Q_OYRqkKO-J0ih7us1kkeBiOWoyeHfFGPpKwR_qjAegNf2gULi-o_3zoaCuVyLUwypn4ZM8CaF-MY9V1lm-NYAwFQfF3ec0CxhVdPNgrSQEKVZwq0f252vXwIlNVdPDIFCTo7WLL1oWj5BUxmHm4pHCjorLV-I_b2j0-KbXPPAwR9oODVihVRaUpTyvaEcvcMhVOf5msT-eTKzhs5Ga72jTUclPgFfO9NdCvg_jC68Ik_ii-6tM6G87sF49gz5KZsTcb5E_x0iUkqCn4-XPMZw0NaXQxDeSUfQu_Wfy1Spkag5qxLWNi_C3maV6NlxZqLtMJATDvshuGw6BlbGYG8MHtPf7yA==&xkcb=SoBp6_M3pvahBMSJaB0CbzkdCdPP&camk=ethIe0s0hedg6pcbEbIn4A==&p=9&fvj=0&vjs=3,"About DocuPet

As the official pet registration provider for more than 250 jurisdictions, DocuPet is the largest and fastest growing pet registration platform in North America.

Our proprietary platform consolidates all pet information into a single place and provides the services for pet owners, community members and animal shelters to ensure pets can be reunited quickly if they become lost.

Beyond our platform, DocuPet offers specialized pet tags, an AI-powered pet tracker, lost pet alert system, and will soon be launching a first-of-its-kind pet parenting mobile app - all aimed to ensure every pet in North America is registered and that each has a safe and happy home.

Our work is very important. More than 6 million pets enter animal shelters every year. Just 10% of those animals are returned to their owners. Effective registration, pet identification, reunification tools, and animal shelter resources, all provided by DocuPet, is the solution that will measurably reduce shelter intakes while providing significant new funding for animal welfare organizations.

A new National Pet Record Search Tool, available for free to all shelters joining our National Animal Shelter Network will be launched in Q2 of 2025. DocuPet has the support of the animal welfare industry, and with astute strategic leadership will become the de facto National Pet Registry program serving tens of millions of pet owners by 2027.

About the Role

The DocuPet solution includes an easy to use online licensing system, branded website and communications, real-time tracking and reporting, fulfillment and customer service, and value-added services for pet owners including our Lost Pet Alert System and Rewards Program.

We are looking for a Software Architect who is passionate about leading and crafting comprehensive technical architecture strategy. The ideal candidate has a strong background in defining architectural vision and executing strategy through working across cross-functional product and engineering teams.

In this role, you will be closely working with software engineers, product managers, key business stakeholders, and technology leadership to define the architecture, technical designs, and technology roadmap for four distinct product and internal teams: Pet Owners, Administrators, Licensing Services, and Core. This role reports to the Director of Software Engineering.

What You Will Be Doing

Requirements Analysis: Gather, analyze, and synthesize functional requirements from product managers to ensure clear understanding and feasibility.
Architectural Leadership: Act as the architectural SME and visionary, reviewing technical designs and supporting technical leads across product pods.
Non-Functional Requirements: Formalize non-functional product requirements with product management and ensure architecture can support current and future product needs.
Software Solutioning: Provide high-level software solutions and approximate development timelines to product managers and technical leads based on a deep understanding of non-functional requirements, historical estimations, current limitations, and future state architecture.
Technical Design Documentation: Create a blueprint of software solutions during technical design, documenting functional and non-functional requirements, identifying key risks, constraints, and impacts, and leveraging UML diagrams (ERD, Sequence, Class, Component, etc.).
Hands-On Development: Contribute as an individual contributor by writing code for prototyping, experimentation, mentorship, maintenance, or documentation of software solutions.
Project Oversight: Oversee ongoing projects from inception to release, collaborating on unit testing, QA, and deployment of software solutions.
Mentorship & Growth: Mentor, nurture, and partner with technical leads and software engineers, instilling a strong understanding of requirements engineering and best practices.
Technical Design Process Ownership: Champion and mature the DocuPet Technical Design process, refining methodologies based on project size and scope.
Design Democratization: Own the versioning and distribution of technical designs and respective artifacts through an internal RFC (Request for Comment) system.
Automated Documentation: Ensure all aspects of software in production are thoroughly documented, including REST APIs, by implementing automated tooling.
Best Practices & Standards: Define, document, mentor, and enforce engineering house standards and best practices within the organization.
Industry Awareness: Stay up to date with emerging technologies, development platforms, frameworks, evolving solutions, and industry standards.
Agile Participation: Engage in Scrum ceremonies, including daily stand-ups, sprint estimation/planning, and project retrospectives/reviews.
Code Quality & Collaboration: Participate in peer code reviews, pair programming, and collaborate with engineers to improve overall code quality.

What You Should Have

A college or university degree in computer science or a related field (a combination of education or experience is also fine!)
8+ years of web software development experience
6+ years of experience working with an object-oriented language (PHP preferred)
3+ years of proven experience as a technical lead or architect
Experience working with Agile methodologies and tools, such as JIRA
Experience with virtualization such as Docker
Experience working in cloud environments (AWS preferred)
Experience working across cross-functional product teams
Demonstrated ability to requirements engineer and write technical documentation with an attention to detail
Exceptional technical strategic thinking and visionary skills with the ability to see the ‘big picture’ several years down the line
Strong leadership skills and past experience leading through successful project execution, collaboration, guidance, and mentorship; You’re the person that builds team rapport and trust through your work, the projects you lead, and the example you embody
Ability to deal with ambiguity: you can bring structure and focus to complex questions
Vast experience owning the technical responsibility of the entire SDLC to achieve project delivery
You are a strong communicator and a seasoned architect that can lead discussion or constructive debate, and own the decision making process
Hunger to have an impact on our team and the business

Benefits

Comprehensive medical insurance including Health, Dental and Vision
Flexible PTO
Fully remote

Our Mission and Values

Each of us at DocuPet comes to work each day to move our organization closer to its ultimate mission: to provide a safe and happy home for every pet. We take our core values very seriously knowing that we only work well with those who see the working world as we do.

Go Big - We aim to do big things. We don’t aim to impress ourselves, or those around us, we aim to be the very best anywhere. We accept all challenges and we intend to win.

Whatever It Takes - We finish whatever we start. No excuses. It often means a lot of work, but it’s worth it because we are the types who don’t rest until the job is done.

Inspire - Our people and our business inspire those around us. Each employee has a job to do, and they do it with excellence and grace. They bring joy to everyone they meet.

Believe - Each of us is responsible for selling ourselves, our projects, our outcomes, and our efforts. We must be individually and collectively convicted in our actions. We sell our ideas, our services, and our products at every opportunity.

Respect - We work as a team. We treat each other the way we expect to be treated. We listen to all opinions and voices taking time for those with quieter personalities and those who take time to collect and share their ideas are heard. We accept differing viewpoints and are an inclusive company.

Job Types: Full-time, Permanent

Pay: $125,000.00-$160,000.00 per year

Benefits:

Company events
Dental care
Extended health care
Flexible schedule
Paid time off
Vision care
Work from home

Flexible language requirement:

French not required

Schedule:

Monday to Friday

Experience:

Software development: 8 years (required)
OOP: 6 years (required)
PHP: 6 years (required)
Software architecture: 3 years (required)
Leadership: 3 years (required)
Technical drawing: 3 years (required)
Requirements gathering: 3 years (required)

Work Location: Remote"
Software Engineer - API,CMiC,https://ca.indeed.com/pagead/clk?mo=r&ad=-6NYlbfkN0Ah8ZjG2vxbXxSowwbE2czr17CHHjQIsSUCnu94LwhV0JxEGpug3XGrPj5PFYKmxt6stmuObUbqnppO5qGcI2GLyyUNrgEvSQmrz3qlLGzK7krPT7XDaBYAZMFlBnLyGWTWLZFl9Yk6rDqIHTSGRJc53DaWYFBR4W5ew08pdbI6-KfrBLEJGDUk8MXwX_Z9FkJWDc9Y4enaz6WG8DLy5AC4Z2aJStyC-e-MuBcbgFz2evNUm5zLMkAaO6g-dRpFAPv4BMK5unb9pmfI581IQzgTSs-RZ0CMjtF-safGXlqrL5S8ztrY7x0UooXOPIg6rTc9bFj5skyHlaq0v6UREEWcjx2jq3yxpjYiSgYhJKSfTnmYEW-JsEB6MmkGNpu_JvXfK7Ifwj94t1N7yhaTOuSXvBojeXkjIx-MMCUFYpmvwwo3SNMpH9AMo9hfNTHny6NVtG4mWUBYFcBNEKYCWYaahUyi6z31UREcUhKOWvEVwXxIfSTGlD5B_-qmjDt6lNvax-Wd33c4MFKZb-SQy4B6atvckMW5ZO46bR1EYKvIrcRaRdaJGcqZpPBFtwOqsrfqyggzoCbbnb0Axwq97GRiAUnQWlzGIRbt_I3SIPXczB0HhwhpHr3qkj6CUXoD8aFDX0ZMnkiCZg==&xkcb=SoD06_M3pvahBMSJaB0BbzkdCdPP&camk=CPChkbYSGj8tjPHG1PDc3A==&p=10&fvj=0&vjs=3,"About CMiC
Headquartered in Toronto, CMiC is a software company focused on the Construction industry. We have built a comprehensive platform for construction companies to manage their most important workflows. Our customers have their choice of a SaaS or Private Hosted platform that includes industry focused modules to manage everything from Financials and Payroll to Project Management and Budgeting. Our market share is very strong in North America and rapidly expanding internationally in regions like Europe, South East Asia and the Middle East.

Job Overview

The main responsibility of this role is to contribute to the development of RESTful APIs to support our front-end applications. You will modify existing APIs and create new APIs using both Oracle ADF BC REST as well as Jersey frameworks. Development at the database level is also required for this role to support the APIs. Your Tasks would involve:

Design, build, and maintain efficient, reusable, reliable and secure code.
Improve tools and processes related to API development.
Create documentation for the APIs, tools and processes that you work on.
Review code written by others.
Analyze problems and identify solutions.

Requirements

Honed interpersonal and communication skills.
3+ years of work experience using any object-oriented programming languages (preferably Java).
Understanding of Object-Oriented Programming Concepts and design patterns.
Understanding of REST over HTTP.
Understanding of J2EE and experience programming in Java.
Understanding of RDBS concepts and experience with SQL/PLSQL

Benefits

Competitive benefits Package (including Health & Dental benefits)
Paid vacation and personal days
Townhall meetings where all employees are encouraged to participate in open discussions
Located on York University’s campus, easily accessible by transit (TTC, GO, etc.), walking distance to shopping and restaurants
Outdoor lunch space, including picnic tables
An active Social Events Committee (past events include annual seasonal parties, pool and bowling tournaments, karaoke nights, Game nights, BBQ’s, and more)
Health and Wellness focus including virtual yoga classes and wellness webinars
RRSP Matching Program after 2 years of employment
Experience in a rapidly growing, socially responsible corporation

CMiC is an Equal Opportunity Employer. In accordance with the Accessibility for Ontarians with Disabilities Act, 2005 and the Ontario Human Rights Code, CMiC will provide accommodation to applicants with disabilities throughout the recruitment, selection and/or assessment process. If selected to participate in the recruitment, selection and/or assessment process, please inform Human Resources staff of the nature of any accommodation(s) that you may require."
Unreal Engine - Senior C++ Developer,Humanitas Solutions,https://ca.indeed.com/pagead/clk?mo=r&ad=-6NYlbfkN0DbCETdyIv9f5aclHIbOxK0GZp8_elFnnRVJjakhPEqrpcu1ECKBpZlYusYR8VSF7X-TMepuMuo8SN9f2a13_sECXSjuBAlJ01CsO1wWWkHUt1nZUo-8HD9tiGF7NLk6RMJzyZR8vIOXM_8X__f_2exIUPHfk5UGs2bFKdTgfGve6Neku74Q18y2uNJZlt98AIsz3A5dZV1v3z8fmAF3txD8GX7larAookZEsRuCJnJdIoMeG8H3PWCqrphAB41fEG2hGq2QDyA1TUAA9P1r_2JDhz4SX6SCVy5kskuCEx70yhGj8qki35l_Pv6OW1B1TRcn40EELgmTOsL_-Otv18sq_AkcMzX2jj-Tu7OMDePfY5YabnEfLioIoNUhVm9q-Zq_N7MImI72sQrbwzzobJHkMG5nELCh1j9sQ3PzCHmkolNH_KOfqlELUM7cqxwbi8ZcirAtutxpl6GFARMT8eY-ZVoV1UrecZsJEvfRolHRygXiHL3y5alss01joOOkFO9OvPqfcRpbzeaSab0L8-k3C5BDqtuNn-sFqeHpmWw0iiuK2G_nurX4xPxSu1zOrrm_cBMZ01VEamDSrLiMk223NF2LoCN8uY8Tu4Q1i-saanm1pbp0HR2pkP4R8WTrsCcmz-_yZdYwJXiEEVxgIXGNHpLb5hmKC7FAZZQAotkSda5vy8_yykmX6SnMyHANTQ=&xkcb=SoBA6_M3pvahBMSJaB0AbzkdCdPP&camk=H-lBaXMUocJ0x5rXE57vqA==&p=11&fvj=0&vjs=3,"The Company

Humanitas is a young, award-winning innovator startup based in Montreal, specializing in emergency response and resilient technologies. Working with a list of world-class industry leaders and researchers, our team specializes in advanced telecom, simulation, visualization, cybersecurity, swarming robotics, edge computing, and more. Our multidisciplinary team also endeavors to universalize our technology and expand their applications to routine use cases beyond edge scenarios.

We are an ambitious group of young people who aim to contribute to a little change in the world by creating IT solutions that help people globally, especially when they need it most. Compassion is at the core of our business, and our collaboration is driven by our desire to challenge our limits and explore our potential.

We are looking for senior programmers willing to join programming to gaming, and who would join our journey and contribute to our quest.

Today we need a partner who would run the following area:

Design and develop C/C++ code - for Unreal Engine Implementation
Development of Linux Kernel modules
Work closely with other developers on end-to-end system design and integration.
Write unit and functional tests, debug applications and drivers, document architecture and implementation
Contribute to the architecture and design of other products
Comply with the project management routines in place.
Participate in the drafting of patents.
Review projects for accuracy and quality;
Learn to be the expert in topics not yet known.

The ideal partner would have:

Bachelor or Master Degree in Software or Computer Engineering or a similar area of expertise;
Strong experience with C/C++;
Experience with Unreal game engine;
Experience with simulation tools;
Solid background in computer science;
Flexibility and strong project/assigned tasks ownership;
Capability to adapt to organizational processes and to contribute to continuous improvement;
Strong aptitude to work and make decisions autonomously;
A result-oriented approach, strong planning, and organizational skills;
Rigorous and creative software development attitude;
Ability to troubleshoot problems;
Resourcefulness, dynamic and a team player attitude;
Excellent verbal and written communication skills (French or English)

Job Types: Full-time, Permanent

Pay: $75,000.00-$110,000.00 per year

Benefits:

Company events
Dental care
Discounted or free food
Extended health care
Flexible schedule
Language training provided
On-site parking
Vision care

Ability to commute/relocate:

Montréal, QC: reliably commute or plan to relocate before starting work (required)

Work Location: Hybrid remote in Montréal, QC"
Test Software Developer - RF Instrumentation,Octasic,https://ca.indeed.com/pagead/clk?mo=r&ad=-6NYlbfkN0Bds76Z46835ksW8twDkVy19fSM3m7r3zM9gysT89ik1RT73BSZbOEY1TfcQ5W5fUCRyiN8uXdCPsOpQDfQxLNazOZz7Xyr-DEOmJX-DF8-4MoOH0YaaMa9bBaqv2XLD3NOr-bj_f-kSd-wNmiGJ_GqKoUvsHpJljqW3qlt452yosHxf-qkNjw6nE3zRls0kgpYWNb6DIbW5VmBZIQm7-PdqJMGgxrR0zvsPsk4GGSLBXZUY6BNX7L_JorXlZHYaIi9e9EgVbe6MIzLVp-2zO3uvQ8MZ5YKYWcB2xBXYDhhP_P5gLedD99x4KkSO-VrzxtgQ3yCVt10dnZ9wIPXy856X464CdRIHiM_QF1rsq-iUWgL9nxdZfokJGVlNNu4zfg3UdbPd-DlFE8Ik4U7yZj_n6OzpRMC7Zw3dIKzmLZVfs79atWkl661n48hMLpMuZXaa6AyFuai1hNRD8SJdWoVMw8JWxvF0kPVAmfUjg-2Qabb94MzIGHTzzYN-1Xaz44pkEdc7pkaxXCz_y42r-V76p63PzSPeKfOraIMVfndl_zdfUnqTfe9AiU07otH4A5LU5B41ezjjkXUIr7XDDQpfZMnElNLK7YfOPhQ4O6KJ-zFx6OntKnEGxYAfCJ5WR9X08wNogpjhm4WSd59lY17dJfezT34pMGReFrWl_0dsXUOSPhhN3kT033JkOnkn3GZ0jEqIYZGpDKfyoXCyxZUajXBrPu7CWEq8cWO6DIat4vLjVyIkRWVPcQys-WZValbDq5h9dvkzw==&xkcb=SoDO6_M3pvahBMSJaB0HbzkdCdPP&camk=4HOcmqOLYrCO4APlpdj7NQ==&p=12&fvj=0&vjs=3,"Octasic engineers the wireless edge of modern conflict. Our low-SWaP Software Defined Radios (SDRs), advanced signal processing, and mission-tailored software equip defence, law enforcement, and national security forces to adapt, dominate, and achieve mission success.

Why choose Octasic?




Continuous training and a community of experts to grow in your field

Flexible hours for true work–life balance

Social engagement through fundraising activities for Le Phare Enfants et Familles

Modern offices in the heart of the Angus sector (10 minutes from Préfontaine metro)

Performance bonuses, unlimited sick days, and one paid week off between Christmas and New Year’s

Comprehensive insurance (medical, dental, telemedicine) and employee stock purchase plan

Free snacks and beverages, 75% monthly OPUS card reimbursement, secure bike storage and on-site showers

Friendly atmosphere: happy hours, team lunches, and festive events all year long


We are currently looking for:


Test Software Developer - RF Instrumentation


The Test Software Developer - RF Instrumentation will design, develop, and maintain automated test software and procedures for RF product validation and production. The role ensures the quality, reliability, and performance of RF products while supporting engineering, test, and production teams.

Key Responsibilities:



Develop and maintain automated test software for RF products.

Implement and validate RF functional and performance tests (e.g., power, sensitivity, linearity, gain, noise).

Execute measurements using RF instruments: spectrum analyzers, network analyzers, signal generators, power meters.

Collaborate with engineering and production teams to optimize test coverage and efficiency.

Provide support and continuous improvement of test systems and scripts.

Participate in technical reviews and product transfer meetings.

Required Qualifications:



Bachelor’s degree in Electrical, Electronic, or Computer Engineering (or equivalent).

7 years of experience in RF testing and instrumentation.

Basic programming skills in Python or other scripting languages, with a strong motivation to expand automation expertise.

Understanding of RF measurement principles and signal analysis.

Familiarity with electronic boards (schematic reading, diagnostics, testing).

Excellent command of French and English, both spoken and written, for effective communication with our international team

#makewaves"
Android/iOS Developer,AlphaPay,https://ca.indeed.com/pagead/clk?mo=r&ad=-6NYlbfkN0AJSQBPi4wQx9qdX0eKs3PPLYsybD5fytc_L6xoGlNJ4GBrW_K_ByqyVY7r5_r303Z82Qq7fiIYL7nkHRvyM0dp8rM_4OKb6Udpn0gnuJEwcjGs8i-uFrkntSwZ2P4I_DBmnwdszlkV9H4IWhcqzKV7Q26BoFtOAQH8hMY-_wqQu_rvGzn5JFomtMx7NcnF1-v_IssEPp-G60BDJ0z0d-NuiqYeRWTBZGdswJvZ1gjxz-qeVR8kPNv_szqIedQgRWjw71HGozKWkRwVLYRvQN2KvQYPZQUyOnvieUr2BndbfVX_CCyR08OsamkGZa51JtkWPfFHxnPLRc9YDIXFLRHdXwg0Dd789fNthLxdyIej2gKO4cdol3VnaKiwi_7tFnKkfqLWO8Ev12d1xXE2Q0fo2XzgJb-u1i_VZFXsNlD1IzAIlSEmhDBcsaxPIMgMd9Xt5a0LJ9r94X6EliHqFtFDb68D7nsD7PZUCWA7IZHituREIaUiW9b1angq9pN0VU39Ywh38hIR9sKOFYNdgxvhA11aFOJPwaBeAvnFLQ4KROLn9UNA5YHUUP58xGbvPmDFg270jc-xpsWAWDy7dDZls8WnGnwXDR3wucDEc2Io39sFGg2GveSISMihsTurYrGKJjL4zZpk6nw-KDYDYY9eq0bFgOup3gIoDS4u7KNZMQ==&xkcb=SoB66_M3pvahBMSJaB0GbzkdCdPP&camk=ethIe0s0hefqiR99J3PYwQ==&p=13&fvj=0&vjs=3,"About Us

AlphaPay is a FinTech company that delivers payment technology services around the world. As a group of cross-border commerce professionals, we help businesses globally to bridge the gap with 1.4 billion Chinese consumers through our cross-border payment technology.

AlphaPay is a Canadian Payment Service Provider authorized by Alipay, WeChat Pay, and UnionPay that specializes in cross-border POS & mobile payment technology. We are dedicated to providing a safe and convenient RMB cross-border payment platform for Chinese shoppers and Canadian businesses. We make integrating Alipay and WeChat Pay for Canadian merchants easy and help enhance their share of the growing local Chinese market.

We offer solutions for businesses to drive commerce growth in a variety of industries ranging from Retail, e-Commerce, Hotel, Food & Beverage, Transportation, Entertainment to Education.

Android/iOS Developer

Job Type:

· Full-time, permanent

Job Description

· Collaborate with business partners for Android/iOS application development and maintenance in multiple platforms or environments.
· Collaborate with UX/UI designers and team members to provide and support new features/existing features optimization to our Android/iOS APPs
· Plan, design, write, test, and debug application code with minor supervision
· Deliver high-quality work within tight deadlines
· Diagnose and solve problems quickly and effectively as level-1 technical support
Qualification:
· Degree or diploma in computer science or related discipline
· 2+ years of professional experience
· Proficient in Android development using JAVA or ReactNative
· English skills to read development documents and effective communication with internal and external teams/partners.
· Capabilities of learning new technologies such as interfaces, languages
· Excellent verbal and written communication skills with an ability to collaborate with developers, product owners and other team members

Bonus Points:

· Finance or payment projects background

· Experience in the development of iOS and WeChat Mini Program

· Mandarin

Location:

· Richmond, BC

Benefits:

Dental care
Vision care

Job Type: Full-time

Pay: From $50,000.00 per year

Work Location: In person"
Salesforce Developer/Technical Architect,OPUSING STAFFING,https://ca.indeed.com/pagead/clk?mo=r&ad=-6NYlbfkN0D74L1sggDuAEguGh7gIFAzIZzNytrPcxKlgtLkl1f0xrApC4zcQQFTbG5E4ns_R8y1XP2gadhz13p6kEUmf-QJPUAd7nxh8P70v6IjnxxVq3u65QWj104nOzG68YO6ezrlWVEd7-fzRzANQAFCxwhcJVWY3fXg8aLBAERfa2CwdRAQdJ-bAOC6g1doD2l88xeXvZqFSV0_iNDy4MtRu_UhCKlPrh1atxxuC8iN29QOZqQ1xe_j7UboAGXm-bEK5YiRIo9ZQxCUiL6zp7ev91aYx2Oz5Drb8fJ6-rJZce7U5prVQRgUQMPz37XmVL7XgK_VtGHoQygWoF7nn_AgcZ4fnClN35jsUDrWJjaqiLHEaOzr3ERs0Oad4teU2auUj_0W6lR272_3JtE6MLodIPWqCyd4ZoQLq7tjG_TCOPGYLESLlqPeEHvoESgCBZtMtqOLjT8rtrc81Es-E76Nc8gA-5eQI6-Bvra8CJZ3FNWVkzWs5JQIPSuqOBOPUApiV71sNypC9bEuJdkHZDOFZJ40UoKFHEvgJyLqOiG0oA3qooDsKHv0MICfd5aWkIt2SmvEoC60bMZy8qwubTcs9R-CopqcMaTn1mm7xYYQKCZF-Kp7utZIy803W-zknTLNJqCU3cU76MzHEgoN4Ji2mOxNx5SoZmMz9NkxiCCf2ZFZpgZSIf3-vj0HWGo_juWlTFSg-ju3RoR3wQ==&xkcb=SoDn6_M3pvahBMSJaB0FbzkdCdPP&camk=H-lBaXMUocKUmUPHX-jVcg==&p=14&fvj=0&vjs=3,"Title : Salesforce Technical Architect

Location : Greater Toronto Area, ON

Accountabilities

1. Demonstrate a deep knowledge of all Saleforce.com product offerings and solutions.

2. Analysis, Design and Development of new features in Salesforce, including but not limited to new Apex, LWC, Triggers, Classes, Validation Rules, and Layouts.

3. Design, Development and maintenance of complex integrations between Salesforce and external systems.

4. Setup, Configure and Maintenance of the Salesforce applications ecosystem: Salesforce platform, Sales Cloud, Service Cloud, and Marketing Cloud custom components and various AppExchange packages.

5. Coordinates team efforts to resolve complex issues and conflicts and escalate to executive level wherever required.

6. Lead and guide the delivery team when scoping and delivering Salesforce solutions to meet business needs.

7. Prepares documentation on use cases, current/proposed process, workflows, data flows, process re-engineering studies, functional specifications, risk integration, end-user adoption plans/ guides and organization structures.

8. Document current and future state processes and develop technical specifications for projects and enhancements.

9. Creates a work environment where employees are engaged, challenged, accountable, and recognized.

10. Work effectively on multiple assignments, activities, and projects.

11. Promotes quality, innovation, teamwork, and timely communication of issues / opportunities.

12. Builds trusted relationships throughout IT organization to enable delivery of client requirements.

Skills

13. Technical analysis, solution design and estimation

14. Salesforce.com (SFDC) Lightning experience with configurations and APEX development, with strong knowledge of Salesforce.com architecture frameworks, best practices, and business processes

15. Hands on with customization, APEX, Visual Force, Triggers, LWC

16. Experience in working with Apex Scheduling, Batch processes, Apex Class controllers and Triggers with Governor Limits

17. Hands on Application/Data Migration i.e. Data Loader

18. Hands on Code Optimization, Integration Experience i.e. SOAP, REST, Outbound Messages etc with Third Party, Docusign

19. Experience with Agile Development, Scrum methodology

20. Hands on Deployment experience

21. Experience using versioning control/continuous integrations tools such as Copado and GIT

22. Knowledge of testing tools and techniques to write scripts and set up test environment for development and Integration environments

23. Ability to work independently to meet project requirements

24. Effective communicator both oral and written, with the ability to frame technology issues in business terms

25. Creates clear and coherent written materials

Qualifications

26. Bachelors in Computer Science, Engineering or equivalent experience

27. 3+ years of experience with solution design, system development tools and techniques, application planning and strong problem solving and troubleshooting skills

28. 10+ years professional experience administering/developing Salesforce.com

29. Certifications in Salesforce Application Architect, Salesforce Integration Architect, Salesforce Data Architecture and Management Designer, Salesforce Sharing and Visibility Designer, Salesforce Sales Cloud Consultant, Salesforce Platform Developer II

30. A fast learner who is confident, responsible, and likes new challenges

31. Highly organized, flexible in a changing environment, deadline driven and able to handle multiple tasks effectively

32. Ability to identify and triage task importance and prioritize accordingly, while communicating resource allocation and constraints

33. Able to work in a fast-paced environment which needs a constant drive to achieve results

Job Type: Full-time

Pay: $87,069.39-$130,005.03 per year

Schedule:

8 hour shift
Day shift"
Senior Full-Stack Software Engineer,Skycope Technologies Inc,https://ca.indeed.com/pagead/clk?mo=r&ad=-6NYlbfkN0A7000hUPCMxGwW2vqsju70Hf0EmrA2m_tK6c2VLeUIj3XPtMixHadkxVLNw0Wk13O66SJcmed2u1zwcBBkKPpGEr3xtNYOUX4LqQQxMvzrZyx3DnNKnzSq_LBtvUwfwOZNXx_BcJlzxZ4abQaxseW7rIgQ0W85QIpbhWcb0M65FEviwJPKgXH0qub2Yih_tK5gDO34EYghRJ-UEgRUnuwkKnsO00aSmEmbYYVYADJQmxNalXQG2U1TamY_Bjw42jffT79CWQONDLeCcZbYO4ViroqgXfZ_YW7DF0Lx60NABvo-DbGdeyJd1l28SfBlm1FsSizv5twqGSH0wcf9bOnxj5RKa6KJLQ3bZmLbpA_OpVVsBpPzMnKWtaea21Zg_BsFJfq5Jky2g5MQUeWWk_8qvoj_VLHmZjTK4-4aHWoAsthEj8RkAPpCh4S2FhCCE8_FrpMkkJ4TH9dUActKHJDvwlxamArfH7_bOqUQvUSuDJlW5MZ-IVWH7y385hJjg4y9VaK0khfJm8gVq2XPGw-tSISXdtYpgc2T9o0hyekIi0SqD70PPQxZOJ9zz9BJ43uZ61XGqnQLq1F6LFaXQdDgGIsuZRpkiBKBa9Ij3z1RNVxHHZ26i5OgyDM8W9zhP9UvusSfdqk9WH59IP0wDN_qqB-fbBq0gxXweco2YGeqlIKV1DTxYq4Z-brJ__Ip27lHv2poqkoufg==&xkcb=SoC76_M3pva-zdW0Bp0LbzkdCdPP&camk=ethIe0s0hecrYRjWKDJWlw==&p=0&fvj=0&vjs=3,"Who We Are
Skycope C-UAS Technologies Inc. is a Canadian deep-tech innovator redefining the future of airspace security through advanced radio intelligence and AI. Headquartered in Burnaby, British Columbia, we are powered by a world-class team of PhDs and domain experts in wireless systems, embedded security, and cyber security.

Skycope has grown from a research-driven startup into a globally recognized innovator, with deployments across North America, Europe, Asia, and beyond. Our team includes PhDs, engineers, and specialists in RF systems, embedded design, and AI-powered signal processing—working together to bring cutting-edge technology to the world.

We are proud to have earned the trust and support of the Canadian government, and to be recognized by multiple international defense and public safety organizations for our technical leadership and operational reliability.

Operating at the intersection of AI, RF, and cybersecurity, we bring mission-grade performance to the world’s most complex airspace challenges. With a culture of relentless innovation, integrity, and impact, Skycope is building the future of intelligent RF security—one breakthrough at a time.

The Role

We are seeking a highly skilled and proactive engineer to join our multidisciplinary R&D team. In this role, you will drive the design, development, and optimization of numerical algorithms and system-level software, contributing directly to high-performance commercial products involving wireless communication, sensing, and edge computation, with a focus on “no-outage software”: highly available, fault-tolerant, and production-resilient systems.

Key Responsibilities

Algorithm & Software Development

Analyze, refactor, and enhance existing numerical algorithms and system components to improve efficiency, robustness, and failure resilience.
Design and implement internal tooling and production software in Python (required), and optionally C/Matlab, ensuring conformance to no-outage software principles: graceful failure handling, state integrity, and long-term stability.
Build modular, fault-tolerant code for deployment across heterogeneous platforms (on-device, edge, server).

Feature Design & Implementation

Independently design and implement complete features or functional modules, from concept to deployment.
Ensure your code is robust, well-isolated, and can handle failures gracefully, following no-outage software principles.
Perform in-depth debugging and root cause analysis for edge cases and runtime issues.
Develop diagnostic tools and logging pipelines to support observability and fast recovery.

Hardware-Software Integration

Lead test-and-discovery efforts to evaluate new hardware platforms, ensuring reliable operation under varying load and physical conditions.
Collaborate with QA and hardware teams to validate system-level fault response and software recovery pathways.

Required Skills:

5+ years of industry experience in high-performance or embedded systems development.
Strong programming skills in Python; clean, production-grade code mindset.
Familiarity with fault isolation, exception handling, and resilient system design.
Proficiency in Linux environments, shell scripting, and system-level debugging.
Knowledge of system availability concepts (e.g., watchdogs, health checks, safe fallbacks) is a plus.

Bonus Skills (Nice to Have):
Experience with one or more of the following:

Embedded platforms, such as NVIDIA Jetson or other edge computing devices with high availability requirements.
Go (Golang) for building resilient internal tooling and microservices.
C/C++ and/or MATLAB for numerical algorithm deployment or embedded development.

Job Type: Full-time

Pay: $130,000.00-$190,000.00 per year

Benefits:

Dental care
Extended health care
Life insurance
Paid time off
Vision care

Ability to commute/relocate:

Burnaby, BC V5G 1J9: reliably commute or plan to relocate before starting work (required)

Application question(s):

Are you a Canadian Citizen, Permanent Resident? If you are on a work permit, please write how many years you have until the expiry of your work permit?

Work Location: In person"
Senior Full Stack Developer,Ace Software Consulting Inc.,https://ca.indeed.com/pagead/clk?mo=r&ad=-6NYlbfkN0BkAEcZ2xmTVuqrjW1SvJB0AVmVlij-7r8yI_Mbg-wRomYTohnZhVqMxXnqheVjnqPHxSi5Z66BQJbJ_fBkqWBjAWh1aL6IlB9bnO1x-0bSU8XH7-E_LGMkYT20qquYK96CWtH8dh8gZvsXkbXKw-t0Z8_UWecExT0co9LR7oWUyRlbwqUSxg4QPMYwtLLgID8AqQfYoFROsKQFfIU71nNwwftZ0ugb98AC_FNY11xCI68fyDiTI14DKUUewWIXDn5nowk8dOl0v2TOrh2NzUhBX9dbejqNZCV3W7UIFtaxPeaO0b3Xr8CVL1qyN7RuzTNCiexGcrHQn3-23B3hHroxPfc3e09jAhEdN37Y3p0ZV3JGARNOtYIkIHN4xk0M1Y8905VkhMdSjvOEjsJO3EG4ukOVgkMLBOtvwyGSLwCNwKrxx0oasoVhQy-Vap3jIuc59Jgw2hcd1YhObcKb-BeNSw_CDhZ2vPsYkSwjt-RYejeANRQDlwijqpwsQpM6yjebOkv-cUiDH_kBPDbdJMW0P8GdxvVvOQ_2tqmUMA-XZHf3lF6uzX7C-m94-rHnHlF_z0YkBDl_zRR7IpfB0qkZHnMa9gAnBl4aH8IdjhQ69nA0eHm6h9iV6yxpV47OoJhLgYugvtOdOvte3ehfiaV3uu7ehxagOtNDW7RhJzlP-6NSkcxufaMY7IT-hDXcen3KRwIM-55hhgGDx5_Xmjyy&xkcb=SoAP6_M3pva-zdW0Bp0KbzkdCdPP&camk=UoKtGZLa3XLQ1XyfCNLxcg==&p=1&fvj=0&vjs=3,"Job Summary
We are seeking a Senior Full Stack Developer with 6+ years of experience to join our dynamic development team. The ideal candidate will have expertise in Angular, Java 17, Spring Boot, Spring MVC, and Hibernate, with hands-on experience in building scalable and high-performance microservices.

Responsibilities

Develop, enhance, and maintain scalable and efficient microservices using Angular, Java 17, Spring Boot, and Spring MVC.
Design and implement RESTful and GraphQL APIs for seamless communication between services.
Work with Hibernate and MySQL for database operations, ensuring optimized queries and database performance.
Utilize Redis cache to enhance application performance and reduce database load.
Deploy and manage microservices on AWS ECS, integrating services with S3, DynamoDB, and CloudWatchfor logging and monitoring.
Ensure high code quality through unit testing, integration testing, and continuous integration (CI/CD) pipelines.
Optimize performance, troubleshoot issues, and implement best security practices in microservices.
Collaborate with cross-functional teams including DevOps and QA to deliver high-quality software solutions.
Stay updated with the latest Java and AWS advancements, incorporating best practices into development.

Required Skills & Experience

6+ years of experience in Angular and Java development, with a strong focus on Spring Boot and microservices architecture.
Proficiency in Java 17 and related frameworks such as Spring MVC, Hibernate, and Spring Data JPA.
Experience with MySQL and query optimization techniques.
Hands-on experience with GraphQL for efficient data retrieval.
Strong understanding of Redis Cache for improving application performance.
Experience in deploying and managing microservices on AWS ECS and working with AWS services like S3, DynamoDB, and CloudWatch.
Familiarity with containerization (Docker, Kubernetes) and CI/CD tools.
Knowledge of authentication and security best practices in microservices.
Strong analytical and problem-solving skills with an agile mindset.
Excellent communication skills and the ability to work collaboratively in a team environment.

Preferred Qualifications

Experience with Kubernetes and Terraform for infrastructure automation.
Exposure to serverless computing using AWS Lambda.
Familiarity with API Gateway, Kafka, and event-driven architectures.
Experience in monitoring tools like Grafana, Prometheus or Datadog.
Bachelor’s or Master’s degree in Computer Science, Information Technology, Software Engineering, or a related field.
Equivalent industry experience with strong technical expertise will also be considered.

Why Join Us?

Opportunity to work on cutting-edge microservices and cloud-based architectures.
Work with a talented and passionate team in a collaborative and growth-oriented environment.
Opportunities for professional development.

Job Type: Full-time

Benefits:

Flexible schedule
Work from home

Application question(s):

What is your expected annual salary (in CAD)?

Experience:

Software development: 6 years (required)
Java: 5 years (required)
Spring Boot: 3 years (required)

Work Location: Remote"
Senior PHP Technical Lead,TORQ IT Limited,https://ca.indeed.com/pagead/clk?mo=r&ad=-6NYlbfkN0CIX6I3UU8U4mo2Q7X_QaZXbddJKRXmsynrC8Vhv62plPoDkELuVlAkEj3TtJJlXDvvECq3yYAdeNhZrvBxaDV_cc4wGmKraoWN1PDxNh6WVhB5OrYj2Z7Lzywgyjil4UwtQXJNCsTZ6SeDZNWDzNWRNt6zc_dg4Jr2vHVKm2AlwBOm0cNv9Njh7WGa8oWGKgITBOopwJYRxQ5eYmu4UZELPPwPHyAog6bc9h-oE8hXfrxjkY7I05DsccWHphTqUqoJEH6sCmYO6F2tTbkykOCCpiNemgGqBX9obL7gQ6XAQuruFr_SRxw-4l4xH01L8eTYaOTqVooZBVmbvfpokHFs6LfUg8WzPrQLGvMecyIU0TbUurIc0kqmsM9XDIl0xZczdKjNNFIbxM4SFFqqhZl1BlmGn1WqCz8QC53dKSDqAAoBu5Ruvm9z5BKRs23wFf8KhW7KtbaswXlxniDMkV9I22todZPJ68_AgJm-RjhPonxa44VW3b9KrY-HoMPtvbZptYPHlkFa38XgRRaiFEtr9R85uDd99578cTxECApF3yNYRBSTFPL1srusxeUgKgEwIzJdlPNMyPLXcq7Cf7kIbtMPdwcSNDBwa2StG_DXH4GMcx18E2RvFefWseOCxBLC1yR-XLRbWDGNSzM9c4TVqMIrpYQMge56giZ24LN3Qr-CoZvUpyDgykwgaTp007KoMDx24BmnEWphktwVMhqM&xkcb=SoCS6_M3pva-zdW0Bp0JbzkdCdPP&camk=UoKtGZLa3XLKn3U3jWYg2w==&p=2&fvj=0&vjs=3,"About TORQ: Company Overview

TORQ is a North American digital solutions partner specializing in scalable eCommerce, product data infrastructure, and custom development services.

With deep expertise in Pimcore, Shopware, and modern data architecture, we help organizations unify and operationalize their product content, digital assets, ecommerce, and transactional systems. Our fully onshore team architects and delivers solutions on enterprise-grade platforms that power seamless digital experiences, drive operational efficiency, and support long-term growth. Whether you're building a centralized PIM/DAM foundation, launching a high-performance eCommerce site, or integrating legacy systems, TORQ delivers the technical precision and flexibility to make it happen.

Our Passion: At TORQ, we exist to make our clients’ lives better — by simplifying complexity, delivering measurable outcomes, focusing on the ROI of our clients, and building long-term digital foundations that grow with their business.

Our Niche: We’re the go-to implementation partner for commerce and data platforms — especially Pimcore, Shopware, and the custom integrations that connect them to the broader enterprise ecosystem.

Our Core Values:

We Act with Purpose – We prioritize traction and results in every initiative, keeping projects focused on delivering real business value.
Continuous Improvement – We iterate, learn, and refine — always raising the bar.
High Ownership – We take responsibility for the outcome, not just the task.
Solution Focused – We lead with answers and adapt to challenges.
Professional – We bring clarity, consistency, and respect to every engagement.

We are North America’s top Pimcore implementation partner and a leading implementation partner for Shopware. We would love to help you with any of your digital needs or show you how we can help take your business to the next level with our PIM and Ecommerce Solutions.

Role Summary:

As a Senior PHP Technical Lead, you are expected to become an expert on Implementing and extending one of our Data or Ecommerce Platforms in PHP and Symfony. You will lead and deliver projects for clients by managing and mentoring other developers and maintaining client relationships. This will include working with a small and multi-functional team to architect, develop, and deliver solutions to our clients. Working on multiple projects for clients ranging from enterprise to startup scale, talking to clients to understand requirements and deliver progress, developing in the frontend and backend, reviewing Pull Requests, or identifying improvements to the efficiency of all projects.

You will become an expert at configuring, extending, and customizing solutions for our clients. You will help understand our clients’ business needs, and work with our delivery team to configure or extend the platform to meet those needs. You will build, use, and improve shared bundles to provide improvements to multiple clients at once using PHP and Symfony. You will understand platform-first solutions like using the configuration tools, core plugins, and low-code / extension options provided by the platform. You may deliver custom User Interfaces in HTML templates (Twig), React.js, TypeScript, or others depending on project requirements.

Location:

We're headquartered in Charlottetown, PEI, and would love candidates who can work part of their time in the office with the team. That said, we'll consider remote arrangements within the Maritime provinces for strong candidates.

Key Responsibilities:

Full-Stack Development: Lead the end-to-end development process, from requirement gathering to application deployment, ensuring that implementations are efficient, scalable, and maintainable.
Technical Architecture: Collaborate with other leads and architects to design robust solutions that meet client requirements and meet technical standards.
Code Review: Using code reviews, pairing, or other processes provide constructive feedback and enforce coding quality and consistency across the team.
Mentoring: Provide technical guidance, mentorship, and support to juniors, and collaborate between teams to share learning.
Continuous Improvement: Drive improvement in code, architecture, and processes
Project Management: Collaborate with clients and project managers to understand, estimate, and deliver solutions.
Security: Maintain secure coding practices to mitigate potential cyber threats.

Day-to-Day Work:

Configure the platform, following best practices and a deep understanding of using the platform out of the box.
Develop custom features and plugins using PHP and Symfony.
Troubleshoot, debug, performance test, and optimize the platform-based implementations.
Develop data models to represent the requirements of our clients’ various industries.
Collaborate with TORQ team members to form cross functional teams that support project delivery (UI/UX, PM, BA, QA, etc.).
Champion clean, platform-first solutions.
Follow development best practices.
Integrate third-party systems and APIs (e.g., payment gateways, ERPs, CRMs, Syndication Channels, etc.).
Participate in code reviews, testing, and deployment processes.
Stay up to date with PHP, Symfony, and Platform updates and best practices.

Technologies:

Our stack centers on PHP and Symfony, with MySQL/MariaDB on the backend. You'll work with HTML, CSS, and TypeScript on the frontend, and Git for version control. Familiarity with Docker, CI/CD pipelines, and React.js is a plus.

Requirements/What you bring:

5+ years of Backend or Full-Stack development experience (preferably PHP).
Comfortable communicating clearly with both technical and non-technical stakeholders
Familiar with Git, version control best practices, and Agile Project Management.
Experience mentoring developers or leading technical projects.

Bonus:

Experience with Docker, API integration, CI/CD pipelines, React.js
Experience with Symfony
Experience with Shopware or Pimcore
Solid understanding of e-commerce workflows (checkout, cart, shipping, promotions)

What Success Looks Like:

Projects are delivered on time that meet performance benchmarks
You hold a deep knowledge of the Platform
Code is clean, maintainable, and well-documented
You contribute ideas to improve both technical and business outcomes
Clients are satisfied and trust your technical insight

If you're ready to take your career to the next level and make a significant impact in a growing company, apply now to join TORQ as our Senior PHP Technical Lead!

Job Type: Full-time

Pay: $90,000.00-$125,000.00 per year

Benefits:

Company events
Dental care
Disability insurance
Employee assistance program
Extended health care
Flexible schedule
Life insurance
Paid time off
Vision care
Wellness program
Work from home

Application question(s):

Have you ever had a role where you needed to communicate directly with clients and/or stakeholders?
Are you located in Prince Edward Island?
Are you located in Atlantic Canada?
If you are located in the Charlottetown area you will be expected to be in office 50% of the time. Are you able to make that work?

Experience:

Backend or Full-Stack Development: 3 years (required)

Work Location: Hybrid remote in Charlottetown, PE C1A 4B3"
Vision Software Developer II - Applications & Algorithms,LMI Technologies,https://ca.indeed.com/pagead/clk?mo=r&ad=-6NYlbfkN0DVyFvn6KNrme0qWK4PNhlu3RlnHL78IF6EgpbnUMzpFaEdfNrZtp38HfMwKMFMMk9_4hbLTbKlz2C40QlPxz-z9CQ_q-Fz9ec92cFrjxUvHOzIMwZGkfmbwjoxvYIp20m418PiXzCXah84L7tH5DcQWjk1BXVPp8MOUA9ITKbvCHBLVzAT5YeeErMIffSKOmO41IY_mC7dicXKMUaP1g7WWLeWJcYap547vr5OaPw2n8Ee1Be2tdptBUY9ZqvksLB_ohgdxOxIgoaNLW3F4MOvsxilNCQqS6e33FEQAfqxCH_wGPDbVfn0x1Z-JdZ8S5GuGyEAq9SBHkfzXRlxCmotpY8qyKX7jyCCnb1HuB6LBdNBvCHiP6or5kxySqDEJ7JZU2rHvPXw_dbJ7OADFiSH_kJP_VP7ZTYms1HBoLfpQm4ZWSgP-8-JgPDKQ1MxjfAegXh7IkqlmG9qcCr1geHQ5sXPBzuljXfRyomOfF61wOIUXzetGgCRkIo45Dr6a8zV51IRwzHlNtIgNAEFYvy5c6yhaKmRDdjZ5KnAGTopEXpRB6eVTenYiEeA7wnvE-ZRoh0wHxIJsxSVp9ZNo2oPG_HQAW_fUlWcCvHU_S8tTRJhPz6hSD1AAGOSwG6KSnm36yogoT8oZVB9m-x7xMXxn0c8pemp36IrPrIf4blzsA0_dsT-98Q9vLxqIe8CmaarO85CY-l7xQsc3i_v79M6Hw2IWPTMU4oyu1foAc9S09phRIQNxVpVb8f2X2JIQVcyXXhjlT65jnajdDySoXsYj37TvaVBu67WNsQ4C0ooKUyzBUMXoD9DgCuh7ZpskSw=&xkcb=SoAm6_M3pva-zdW0Bp0IbzkdCdPP&camk=ethIe0s0heeFR86g9RvtZA==&p=3&fvj=0&vjs=3,"LMI Technologies, recognized as one of Canada's best workplaces, is a medium-sized technology company built on a culture of openness, respect and professional excellence. At LMI our staff work passionately towards the common goal of designing and delivering innovative 3D machine vision solutions to OEMs and System Integrators. Our customers rely on our cost-effective 3D sensor technologies that deliver the best results in even the most challenging 3D inline inspection applications.

The Opportunity

We are seeking a Vision Software Developer II to join our dynamic Applications and Technology team. In this role, you will report directly to the Senior Vision Software Manager, acting as a key technical contributor in a team of 14 high-performing peers.

You will sit at the intersection of R&D and real-world application. You will take the ""unsolvable"" problems our customers face and turn them into deployed, high-performance 3D measurement solutions.

You will elevate the team's capabilities by designing robust algorithms and proof-of-concept tools that demonstrate exactly what our technology can do. If you are a developer who loves math, physics, and seeing your code interact with the physical world, this is your home.

How You Will Make an Impact

Innovate & Solve: You will translate complex customer requirements into sophisticated C++ algorithms for pre-processing, segmentation, feature extraction, and 3D measurement. You turn abstract geometry problems into working code.
Elevate the Tech Stack: Working closely with the Senior Manager and your 14 peers, you will help standardize best practices, ensuring our application code is not just functional, but scalable, maintainable, and ""best in class.""
Bridge the Gap: You will act as a technical liaison, occasionally traveling to customer sites to deploy prototypes and gather insights that you will feed back to the VP of Technology’s group to influence future product roadmaps.
End-to-End Ownership: From designing the initial algorithm to building the HMI interface, you will own your projects, ensuring tight delivery timelines are met without compromising quality.

What You Will Do

Algorithm Design: Develop and optimize real-time 2D and 3D vision algorithms (filtering, point cloud processing, metrology) to solve specific inspection challenges.
Prototyping: Rapidly build proof-of-concept applications using LMI’s 3D smart sensors to demonstrate feasibility to major OEMs and System Integrators.
Collaboration: Participate in design reviews with your peer group, offering and receiving technical feedback to mitigate risks and improve code quality.
Documentation & Reporting: produce clear, analytical technical reports and documentation that summarize results and propose concrete solutions to stakeholders.
Continuous Improvement: Proactively identify areas to improve our internal tools and processes, supporting the Senior Manager in driving operational excellence.

What You Bring to the Table

Education: Bachelor’s degree in Computer Science, Computer Engineering, or Electrical Engineering. (A Master’s degree in a related field is a strong plus).
Experience: 3+ years of professional experience in software design, specifically within Machine Vision, Image Processing, or 3D Metrology.
Technical Stack:
Strong C/C++ programming skills are a must.
Solid mathematical foundation (Linear Algebra, 3D Geometry, Statistics).
Familiarity with vision libraries is highly valued (e.g., OpenCV, PCL, Halcon, Cognex VisionPro).
Problem Solving: You have a proven track record of breaking down vague requirements into technical specifications and delivering working solutions.
Communication: You can explain complex algorithmic concepts to both technical peers and non-technical customers.
Agility: You are comfortable working in a fast-paced environment, managing multiple project milestones, and traveling occasionally (domestically and internationally) to get the job done.

What We Offer

Salary Range: CAD $88,000 - CAD $130,000.
Health Benefits: Full health care coverage (with 100% paid premiums) including dental, vision, and drugs for you and your family.
Financial Perks: A competitive Profit Sharing Program, a Group Retirement Savings Plan, and a monthly internet allowance depending on the location.
Work-Life Balance: We support a healthy balance with hybrid work arrangements, flextime, and generous paid time off.
Growth & Development: An annual Education Support Program for training and professional growth, plus annual performance reviews and Lunch & Learns.
Enjoy free healthy snacks and drinks, team-building budgets, tenure awards, and our official ""May the 4th"" (Star Wars Day) company holiday!
Access to an on-site fitness facility, tennis/basketball court, and company-wide wellness challenges.
This is a hybrid position based out of our Burnaby, BC headquarters. To support our collaborative model, preference will be given to local candidates.
Please note that financial relocation assistance and immigration sponsorship are not available for this position.
We are recognized as a “Great Place to Work” for 10 consecutive years, spanning the 2016 through 2025 annual designations.
#LMISJ

We assure you, once you complete your application, your information is safe with us. To learn more about how we use your personal data, please review our Privacy Policy (https://lmi3d.com/privacy-policy).

YExOpA0jRe"
Senior Full Stack Developer at SkillGrader,Heron Skill Systems Inc.,https://ca.indeed.com/pagead/clk?mo=r&ad=-6NYlbfkN0CROxqHoMCHg1aUlHIFQKibfumoRUBxUdJUJGXyFZICK44go2g-UQnBFvf6Gwsiz_fNEz0Vzls4pdhYdTywBcAX1UNYtiFmWdQpEF4dzj9nzKN1nNUKzRXnxTGaqDrp-IPYr_7YD5IZB3Aqosgk0dWemSKRYmIy_t4oZ4xWDgSPLlR-o-iad7wgSOb9UhMfzkEK852KygmKXCTjSe5pF3rArGm9aL3LOLVvslfP4E4hWFCxXurz3lhhX_GV9-6T0rLz3FYYLYmhw2cECXlW6C91fGBxI9sP6JoI-g14VPeeyz6JVAFJ79xdiq2hD7uLtZ0Xw8zylU5vcRmYNI8OwLZuSrvF6oprA34wJkuoekykMicx5zUJkuvPzznhc0XVHJW2TRpq6Z3bCR3WiXDYQbIN2wmYAlOtbZcs3rgazK0HcapsRPyoQHYF3WGstyq66w3p9RJ9f7FqjGNPU3R5NLg1srNPvlqEaAPKP17LM3WpMuu567ofKysy_FtACHLFORSYPZBZ4PNYtZ1IPVZ1WZE_raMKX_AkzQK0LXgqgJYhzBeaNjomVOTfvOG3CluQbFs8i3f-CKJuoA0FowkrGX97e3P4IShEA-oJCgqof6LO73ZnFnXx6RMwmXZVPMHanL_d8_09sS-qu7t_VWfFL0E0H9XQEsvNb8u3Z-ElsYckSJK5pSe2vkUbH_k6mlo1TyoRrNcrQFA5j8iPRvK3kenedkXp6jKZSVc=&xkcb=SoCo6_M3pva-zdW0Bp0PbzkdCdPP&camk=UoKtGZLa3XLdEG0Cam3y6Q==&p=4&fvj=0&vjs=3,"Abouts Us:

Located in the heart of innovation, SkillGrader is pioneering the next wave of skill assessment technology. Our mission is clear: At SkillGrader, we elevate human performance with innovative, intelligent skill assessment and analysis technologies, ensuring a safer and more productive future.

SkillGrader was founded under the guidance of a seasoned entrepreneur known for scaling startups to successful exits. We are well-capitalized, backed by visionary investors like Galileo Partners and Bleecker Street Group, and driven by a robust, active MVP that is already making waves in the industry. With a team of experienced leaders and passionate innovators, we are poised for rapid growth and ready to make a significant impact.

Embrace the opportunity to be part of a transformative journey at SkillGrader, where we're not just developing technology, we're building a movement to change the way the world assesses and improves human skills.

Job Description

This is more than a tech job. You'll be instrumental in elevating SkillGrader from its MVP stage to a universally-adopted, industry-defining, robust application that is responsive to rapidly evolving customer needs. Your work will directly impact the way companies conduct skill assessments, identify gaps, keep people safe, and ensure quality and compliance, influencing sectors from healthcare to emergency services and beyond.

We have an MVP product which will continue to be deployed - We are passed the market validation phase and now we have to adopt very fast to the needs of the markets that we are targeting and our current clients. The product requires extensive development as we gain insights and feedback from our customers. Thus your job at SkillGrader will be very hands-on - both making improvements to the technology yourself while also formulating a development plan for scaling along side other developers.

Core Responsibilities

Contribute to the technical vision and development of SkillGrader
Act as a hands-on contributor in the growth stages, back-end, and UI development
Participate in the oversight of technology and all aspects of engineering
Support strategic planning for technical development and future growth
Work closely with development and business partners

Qualifications

Expert-level ability and platform knowledge in back-end and UI development (MS stack)
Deep experience in web application development
Mobile app development experience is a plus
Experience in a SaaS startup environment
Skilled in customer-facing reporting infrastructures, data visualization, and analytics
Proficiency in enterprise system APIs, data exchange, and cloud infrastructures
Ability to adapt to customer and market needs rapidly
Experience working with remote and offshore teams is a plus

Technical Skills

SQL Server
C#
.Net
Entity Framework
IIS
MVC
Bootstrap
React (using TypeScript)

Benefits:

Extended health care
Paid time off
Stock options

Schedule:

Monday to Friday

Education:

Bachelor Degree (required)

Experience:

UI development (ideally REACT and REST APIs with .Net): 5 years (required)
Web development on MS stack: 5 years (required)
Work Location: Remote

Job Type: Full-time

Pay: $100,000.00-$115,000.00 per year

Benefits:

Dental care
Extended health care
Paid time off

Education:

Bachelor's Degree (required)

Experience:

.NET: 5 years (required)
React: 5 years (required)

Location:

British Columbia (required)

Work Location: Remote"
"Senior Software Engineer, Full-stack (Partner Tools)",DocuPet,https://ca.indeed.com/pagead/clk?mo=r&ad=-6NYlbfkN0C5tYKOF7UACUZOPdMjPQGgbcOZz4RZcw-x04BV0B0k-fzUVa9aheHoEneaMOlbP33-H4OShoVxX_qDM6OkgvZNi3JDK6B4pwj64yo7oWpMaUT4QEC7HFcaCVyrfRp5MQgEUe12YQ-BF1l4dxUIXAs-kgn6PkJdrhbybyXCBFh2erJS_0UD_vtulRZL327UVepu55TkxMQdga-e2QAxaLX0nsaaHS2L3wXiBi5_9V0gN0VVjTgt67oWhXclGvZG3EPfobbAhVNq91mluo5NIgKXHTZQCVH_AaMvwOlsGKlPRWFnIQXBYQdJqgQP89BzCgqIzzwhOoHaTe7Jk6wzMMVUrUuUzWBYMKvGESYagpV6h6OLXrOHprtmKLcsXihv9wbYWcYqIV_KTwKVOMkBCqa_JsynHng2whYGCPS-BzOCAkmtzVvnEZPfVDfTin2VRGoZZcouwz1gGRDPhbPJZ5YPWW-BydOMwH03pRI_v9nO9M3k7X4Qm8AXZe0jS-G8Y5G7mCkW5-LIl9Gu5MqAmren9Dn7plhG_1L9FpmfecNnIu5xrPn-6FrULad3Ee_w4e_H_MjAee8u8l7d2l-Q1_CHrDUnEk3Nv5rESW7sFdh5Egj0SIVVHE4ipZzPWUHLTDHCstr_ivzdJuoQ6hdrHmphoW63A-LbMJ8bv6VebRKXiIRM4g2SnRx9iIlk2A19PAIrMA_53wLQJw2N9CJOZbpIk-Xv9XeUi9QAqP7-0aEtTA==&xkcb=SoAc6_M3pva-zdW0Bp0ObzkdCdPP&camk=UoKtGZLa3XIB5qnrKizvBg==&p=5&fvj=0&vjs=3,"About DocuPet

As the official pet registration provider for more than 250 jurisdictions, DocuPet is the largest and fastest growing pet registration platform in North America.

Our proprietary platform consolidates all pet information into a single place and provides the services for pet owners, community members and animal shelters to ensure pets can be reunited quickly if they become lost.

Beyond our platform, DocuPet offers specialized pet tags, an AI-powered pet tracker, lost pet alert system, and will soon be launching a first-of-its-kind pet parenting mobile app - all aimed to ensure every pet in North America is registered and that each has a safe and happy home.

Our work is very important. More than 6 million pets enter animal shelters every year. Just 10% of those animals are returned to their owners. Effective registration, pet identification, reunification tools, and animal shelter resources, all provided by DocuPet, is the solution that will measurably reduce shelter intakes while providing significant new funding for animal welfare organizations.

About the Role

The DocuPet solution includes an easy to use online licensing system, branded website and communications, real-time tracking and reporting, fulfillment and customer service, and value-added services for pet owners including our Lost Pet Alert System and Rewards Program.

The Partner Tools team is responsible for building new features and enhancements that provide self service tools and communications services for our pet licensing and animal shelter administrators in communities across North America. You will play a key role in designing and building software to meet the needs of our partners, while ensuring these solutions are user-centric, resilient, performant and secure.

In this role, you will make an impact through building new and supporting existing partner tools in the DocuPet platform such as pet owner and pet record search, pet owner and pet record management, address management, document verification and management, canvassing, reporting and services for assembling and sending communications. These tools help our partners administrate and operate their pet licensing program within their communities, improve awareness and compliance, and drive pet registration. Additionally, they also help identify owners of lost pets and reunite them, reducing shelter intakes and decreasing the length of stay for animals in their communities. You'll regularly interact with Product Managers, Product Designers, QA Analysts, and other stakeholders in the business. This position will directly report to the Software Engineering Manager, however you will collaborate closely with Product Managers and Software Technical Leads on a daily basis.

What You Will Be Doing

Work on meaningful projects contributing in a full stack capacity across UX, API and service layers.
Build new features and enhancements ensuring high scalability and performance in the cloud.
Decompose requirements - such as stories, acceptance criteria and technical design specifications - and write elegant and maintainable code with a focus on consistency and best practices.
Design and implement database schemas, deployment and migration scripts.
Collaborate with peers on technical design, work estimation and feature implementation on the data model, business processes or logic, and user interfaces.
Work with product managers and designers to deliver delightful user interfaces and experiences.
Identify bottlenecks and performance implications to assist weighing the cost of technical debt and the impact in the business.
Contribute ideas to iteratively improve engineering team job enjoyment, processes and productivity.
Participate in peer code reviews and collaborate with intelligent engineers to improve overall code quality, yourself, and your peers.
Participate in scrum ceremonies such as daily stand-up, and sprint estimation / planning, sprint retrospective, and project review and post-mortem meetings.

What You Should Have

A college or university degree in computer science or a related field (a combination of education or experience is also fine!)
5+ years of frontend experience writing client-side Javascript using frameworks (VueJS)
5+ years of experience designing and implementing REST or GraphQL APIs
5+ years of relational database experience (MySQL preferred)
2+ years of experience with reactive front-end, server-driven UI stacks, such as Symfony UX or similar (e.g., Laravel Livewire)
2+ years of experience with utility-first driven design systems (Figma + Flowbite + Tailwind preferred)
3+ years of experience writing tests (unit, feature, acceptance / e2e) within popular testing frameworks
Experience with version control, such as Git
An understanding of software design patterns and object-oriented design principles
Experience working with other software engineers, QA analysts, product managers, and designers
You are a strong communicator and a seasoned architect that can lead discussion or constructive debate, and help drive technical decision making
A sense of ownership and a strong desire to solve problems rather than simply shipping solutions
Hunger to have an impact on our team and the business

Benefits

Comprehensive medical insurance including Health, Dental and Vision
Flexible PTO
Fully remote

Our Mission and Values

Each of us at DocuPet comes to work each day to move our organization closer to its ultimate mission: to provide a safe and happy home for every pet. We take our core values very seriously knowing that we only work well with those who see the working world as we do.

Go Big - We aim to do big things. We don’t aim to impress ourselves, or those around us, we aim to be the very best anywhere. We accept all challenges and we intend to win.

Whatever It Takes - We finish whatever we start. No excuses. It often means a lot of work, but it’s worth it because we are the types who don’t rest until the job is done.

Inspire - Our people and our business inspire those around us. Each employee has a job to do, and they do it with excellence and grace. They bring joy to everyone they meet.

Believe - Each of us is responsible for selling ourselves, our projects, our outcomes, and our efforts. We must be individually and collectively convicted in our actions. We sell our ideas, our services, and our products at every opportunity.

Respect - We work as a team. We treat each other the way we expect to be treated. We listen to all opinions and voices taking time for those with quieter personalities and those who take time to collect and share their ideas are heard. We accept differing viewpoints and are an inclusive company.

Job Types: Full-time, Permanent

Pay: $115,000.00-$135,000.00 per year

Benefits:

Casual dress
Company events
Dental care
Disability insurance
Extended health care
Flexible schedule
Life insurance
Paid time off
Vision care
Work from home

Experience:

PHP: 5 years (required)
Relational databases: 5 years (required)
JavaScript: 5 years (required)
REST/GraphQL: 5 years (required)
Tailwind or similar: 2 years (required)
Unit testing: 3 years (required)
Symfony UX or similar: 2 years (preferred)

Language:

English (required)

Work Location: Remote"
Senior Software Engineer,Frontier Dental Supply,https://ca.indeed.com/pagead/clk?mo=r&ad=-6NYlbfkN0D4uaKNKDUNJ7JXY071eQ4MwZiWlZD1RGiy-rGVYMPOGiTE0MWT7t5fnskiBbWCXfTDyegID4MpWFwtbGMSQ9HOh_8hwxU0u4JzHSYiWM4IbzS38_fGrEY8RMX-d8LkxAxZTZj6io69s0Dz0Ld43y4BeUdBlWuIO_W7dNz_QLoiiICgS414_9tVDghez793q20pV06aMqP4BPz_VpAbYGNqqxOcdq7sbvLxuCuamAW2YTkcKevcqkOKRk0JHkHPg3iVPl1PAENpme3do4i_pOa4Z7lJ8ozmXcFHxxODx6Vch24EEININ0Wq2qFSez5JBbJbazQvheoR1VJ-tV4lXGae_5OZp0cEmAElOXImO_lwykMtxmGtj0s7JV54REcdoqd5GXeoYOrpWJbbyhude2fpn7yAVlZrZI9APDyjSYnRmtRELGu164kR7q1eIXaeE9yOlE6yMGX2HW3vT2m-FoMBgSBEK6iwB4ysY5M4Uug-sozvkhQ5J4LxvJzY7UjnAAtJGi9qZs-GvXKTZeSCrefZkDgano7_TxFEEH0UQO_9I5ZFoP9CIpfjC6JtsnUP2BgrVZtHE2C3A-QyOOFRuD2R5ewN-Fr-kzFjZ6Jqni2AIrqwOnUD9oJjeMuL7PBkuT9XBal7_ZFgqbONjQPt4DmTxr0vEWp0sDVBSdc5gk8anj80Gx357_WfK1xjxX5s249jmml2UFIZm5FhPBaoiisuQNNT2t6Fk6g7nGVjZ2VgO4H2H4wAwAxVI_dhGuvEkDbBIRagc3W36Q==&xkcb=SoCB6_M3pva-zdW0Bp0NbzkdCdPP&camk=UoKtGZLa3XLgN59bdKk_hg==&p=6&fvj=0&vjs=3,"Frontier Dental is seeking an experienced Senior Software Engineer to join our dynamic IT team. In this role, you’ll design, develop, and maintain applications that power our web and mobile platforms across the Laravel (PHP), React, and Node.js stack. You will collaborate with product, design, and cross-functional stakeholders to deliver robust, scalable solutions, and you’ll confidently own the codebase and tasks end-to-end—from analyzing business requirements to assessing technical trade-offs and business impact.

Your work will focus on crafting efficient, reusable code; optimizing performance; and ensuring high availability, reliability, and security. You’ll leverage modern tooling (including AI agents) and best practices to ship high-quality products that meet the evolving needs of our users.

The key responsibilities and how you will make an impact:

Build and maintain full-stack features using Laravel (PHP), React, and Node.js.
Collaborate with front-end and back-end developers to integrate user-facing elements with server-side logic and services.
Own the codebase for assigned domains: plan, implement, review, and continuously improve architecture and code quality.
Analyze business requirements, clarify acceptance criteria, and evaluate technical and business impact to guide sound decisions.
Design and implement RESTful APIs and integrations for seamless communication across systems.
Optimize application performance, scalability, and security across the stack.
Troubleshoot and resolve application functionality, performance, and security issues.
Participate in code reviews, provide constructive feedback, and mentor teammates.
Develop, optimize, and maintain databases and queries in MySQL, PostgreSQL and NoSQL, including indexing strategies.
Create and maintain clear technical documentation (code, processes, APIs).
Implement and maintain unit, integration, and end-to-end tests to ensure reliability.
Use AI confidently in daily work (e.g., code assistance, documentation, test generation, automation workflows) to improve speed and quality.
Assist with project estimation and provide technical insights during planning and execution.
Take responsibility and make decisions to move work forward, balancing speed, quality, and risk.

You are our ideal candidate if you have:

Demonstrated experience as a Senior Full-Stack Developer or similar role with a strong track record of shipped features.
2+ years of experience managing or leading small developer teams, fostering collaboration and delivering outcomes.
Strong knowledge of PHP (Laravel) and JavaScript/TypeScript in both React (front-end) and Node.js (back-end/services).
Proficiency with MySQL, PostgreSQL and NoSQL, including schema design, performance tuning, and query optimization.
Experience with RESTful APIs and web services, including authentication, authorization, and versioning.
Solid understanding of Git and GitHub Actions (or similar) for branching strategies and CI/CD pipelines.
Proven ability to manage inter-system integrations and data flows between platforms.
Strong grasp of security best practices and secure coding standards.
Excellent problem-solving skills, attention to detail, and a bias for ownership.
Strong communication skills for technical and non-technical audiences.
Confidence using AI tools responsibly to accelerate development while maintaining quality.
Experience with cloud platforms (e.g., AWS, Azure, GCP) and managed services.
Familiarity with infrastructure/DevOps practices, containerization (Docker, Kubernetes), and observability.
Knowledge of modern PHP features and PSR standards; familiarity with TypeScript on front-end/back-end.
Experience with Cache stores (e.g., Redis, RabbitMQ).
Exposure to Agile/Scrum methodologies and product discovery practices.

Job Type: Full-time

Benefits:

Casual dress
Company events
Dental care
Employee assistance program
Extended health care
On-site parking
Paid time off
Tuition reimbursement
Vision care

Work Location: In person"
Software Developer,ChainXY Solutions Inc.,https://ca.indeed.com/pagead/clk?mo=r&ad=-6NYlbfkN0A55FYFe1ZuELQP6KSMq4F8Di0V9oSDzd1P9hFU124y1AxjzMDgvSqDo0iUwzFF6FDdM7IJMnrXsiVw8nYTnlTBC9hP-pRNWNy4yZBdcjR8poIDu3nK_fL2618N6AeWhW2s7Wfbtf0tnQNTBAqZINZ8IKYrAM3cOmAY_NDcv3M92C68ooZQfHZQuXUq6-aPY5_cUUHXdpoN46Fdxb8hc_pv_-dK_RQVNdVL6-83OY0g2aAEprki2KZi6Mg7YJg2hekqe6UEXGzyJgfNECO27pBI7k_FmdlBfrsZL2RPtscnQ25MQ-ZB3AZBJB5GP6v9_-T14KHFzJbsQFR2WS0hwLVyixIdxNBYOTdhGtW2hBucJX03f-loaYCuVkxbQSWJ3jTori-a1IS1gaRA4u8Qq8EbjWB6bx56kdbcQl1fkx29rHG4FXUNo4jkPYvJsxWUJUJjPd_UbTBvC1Wgg9DOoO9Hem63YN5Cckzo0APcMrYP9xfvoCdOd8lgM6BPgwam-cBL83yeXxU4Tqd13sjO1Hm75C2mIxjI4SUZUgNasDHtbgZDzmfE3T_p76m1XYHXeFJ3EmYAjHBvZuoYSIpm-aEXJvV7MVCvVEWRwA5UWR1uqPxDUDN5PtOVhc3KbqLa2dTePaLVVdqwiiNcCZsdheWEan9fOtsN9jPPfmDGTZfRbpIbVahNWzSo&xkcb=SoA16_M3pva-zdW0Bp0MbzkdCdPP&camk=UoKtGZLa3XIn-QP9A99eTA==&p=7&fvj=0&vjs=3,"ChainXY has been in the real estate data game since 2017. Our datasets track over 6 million locations across 9,000+ brands from retail to restaurant to banking and more. We’re setting the industry standard for chain location data.

And that’s not all. CenterXY is our brand-new shopping center dataset. It tracks over 850,000 tenant locations across 32,000 major shopping centers in the US and Canada with over 50,000 square feet of gross leasable areas.

Add it all up, and that’s a lot of valuable data for users to leverage! Our clients love using ChainXY and CenterXY to discover hidden opportunities. That’s why we’ve experienced strong and stable growth year-over-year since we came on the scene. We think this growth reflects the high quality of our datasets and user experience.

None of that would be possible without the hard work of our all-star team of data and technology gurus. This team is growing, and fast! If you think you’ve got what it takes to add to our mission of quality and accuracy, you might just be our new Software Developer.

You’re asking yourself, “Why do I want to work with ChainXY?”Our culture

We’re problem solvers. That’s why we founded ChainXY – we needed accurate and current chain store location data without the price tag of the major providers, so we created a solution any user could work with. The rest is history.

We’re open minded. As problem solvers, we know there’s more than one way to get things done. If you’ve got a different perspective on how to resolve an issue, improve a product or elevate processes, we want to hear it!

We’re client fanatics. Our promise to our users – to provide the new standard in comprehensive shopping and analytical insights – means something to us. Do you do a happy dance (even just on the inside) when your customers succeed? Join forces with ChainXY.

We’re team champions. It’s important to us that everyone at ChainXY feels valued and is given the opportunity to do valuable work. People on our teams rise up, lead and make a difference every day.

Your compensation

· Competitive salary range

· Flexible working arrangements tailored to your needs

· 37.5-hour workweek with emergency-only overtime / weekend work

In this role, you will

· Take end-to-end ownership of technical implementation for projects, working independently or in small teams

· Work on diverse challenges and problems driven by current business needs.

· Design, implement, test, deploy, monitor, and iterate on solutions across our system, including front-end and back-end services and infrastructure

· Participate in and lead code reviews to maintain standards and foster team growth

· Contribute to product direction, roadmap, development schedules, and deliverables

· Proactively identify, debug, and implement improvements to our system, processes and tools

Tell us more about…Your Qualifications

· Bachelor’s degree in computer science, or a related technical field

· Minimum of 3 years of hands-on professional software development experience

· This position is a hybrid role based in Vancouver, BC

· You must be eligible to work in Canada.

Your Tech Skills

· Proficient in Python for development of back-end services & APIs, data processing pipelines, browser automation, web scraping

· Have a strong background in relational databases – normalization, schema design, SQL (we use PostgreSQL & PostGIS)

· Experienced with automated testing (unit, integration, end-to-end—preferably with Playwright)

· Hands-on experience with OOP, appropriate use of data structures & algorithms, best practices related to design patterns, and software architecture

· Experienced deploying and maintaining applications in cloud environments (preferably AWS; infra-as-code, Docker, CI/CD is a plus)

Your Personality

· Focused on the big picture: able to understand and act on the 'why' behind technical requirements

· Comfortable switching contexts and working across multiple technical domains & programming languages

· Empathetic and collaborative: able to understand perspectives and challenges of internal and external clients

· Growth mindset; eager to learn new tools and technologies

· Demonstrated ability to work independently, break down and prioritize tasks and meet deadlines

· This role isn't ideal if you prefer highly structured environments with a focus on a single aspect of the stack

Bonus points for:

· Experience with geospatial data, GIS, mapping libraries (maplibre.gl, Google Maps Javascript API)

· Experience with C# (.NET Core) and JavaScript/React (class & functional components, Redux)

· Experience building or deploying production LLM-based applications

· ETL/Data engineering experience (e.g., Apache Spark, Apache Sedona, Snowflake, Databricks, DuckDB) and OLAP databases

· Familiarity with Next.js

In your application, please:

1. Describe a project you're proud of—focus on the problem you solved and your decision-making process, not just the tech stack

2. Share an example of a time you had to figure something out independently with limited guidance

3. Include a link to your Github or portfolio if available

Job Type: Full-time

Pay: $68,000.00-$90,000.00 per year

Benefits:

Casual dress
Company events
Dental care
Discounted or free food
Extended health care
On-site parking
Paid time off
RRSP match
Vision care
Work from home

Education:

Bachelor's Degree (required)

Experience:

Web development: 3 years (required)

Location:

Vancouver, BC V6J 1P2 (preferred)

Work Location: In person"
Senior React Native App Developer,Heron Skill Systems Inc.,https://ca.indeed.com/pagead/clk?mo=r&ad=-6NYlbfkN0CROxqHoMCHg1aUlHIFQKibfumoRUBxUdJUJGXyFZICK44go2g-UQnBLbKy4gy853wn-tJayZ3-sGZNcBRa44KxNsJj274LCbB1V9GNrNfZyMK_R4LNYNJoBBHyODA2QxCsza8LrLLF2noWM2_YYffN1d4l2wDS10tF88LnV_VX9rtZ0hLthtptCXGq4Kj8YJmZ17FgV6Fiplgc1sub3gPOTpVIXGrUfBGM17dGreItxwkLhWhzFKw4ak-ujEjhLVOlDSANorMzDxvQ0Hj7TsXJ7HBqWSF-Zx813wJxnbn3X53zyb6PxsiF0ZuU-uDNcKYn2PnYih9Mf1EXaGM2BnF5SP5e3eN_amhADkqszl46wqO4b4qKHkWvYy_0-Evfuu8j9Vc4Zt2yZyN1lYolYDpufJXPubZXn3bfWkyBSVF1bpE4C8CCjrjtUmXfbHUxCwNcY2AdEVWfl7RD6Cje1Col5ReQC3jVsnlWhPPrONOeL8YY3XSOp_ASgMP4DmBxuEp-GTI388Ne6l9JgOA98D-OwbN96JTm9RraXw7iD9LDFPlyEmKLg_PAwKY_5zHgQAK_N1vUIWIVg1vqZA1eqEUXj8IChcH4gTkGwa0clYSGSVc9w_KurdgzcF2VPYag7L4bTF7eCvRgzVVyDjJHfMhKEIWUw_h7Tz32veuh_16Gti7OKHkrML88d4SaX3A7RPFX2Wx3XdUteffP8DibUU9t&xkcb=SoDc6_M3pva-zdW0Bp0DbzkdCdPP&camk=UoKtGZLa3XJ6wX39ewYILg==&p=8&fvj=0&vjs=3,"About Us:

Located in the heart of innovation, SkillGrader is pioneering the next wave of skill assessment technology. Our mission is clear: At SkillGrader, we elevate human performance with innovative, intelligent skill assessment and analysis technologies, ensuring a safer and more productive future.

SkillGrader was founded under the guidance of a seasoned entrepreneur known for scaling startups. We are well-capitalized, backed by visionary investors like Galileo Partners and Bleecker Street Group, and driven by a robust, active MVP that is already making waves in the industry. With a team of experienced leaders and passionate innovators, we are poised for rapid growth and ready to make a significant impact.

Embrace the opportunity to be part of a transformative journey at SkillGrader, where we're not just developing technology, we're building a movement to change the way the world assesses and improves human skills.

Job Description

This is more than a tech job. You'll be instrumental in elevating SkillGrader from its MVP stage to a universally adopted, industry-defining, robust application that is responsive to rapidly evolving customer needs. Your work will directly impact how companies conduct skill assessments, identify gaps, keep people safe, and ensure quality and compliance, influencing sectors from healthcare to emergency services and beyond.

We have an MVP product which will continue to be deployed - we are past the market validation phase and now we have to adapt very fast to our new clients and the needs of the markets that we are targeting. The product requires continued development as we gain insights and customer feedback. Thus, your job at SkillGrader will be very hands-on - both making improvements to the technology and championing development plans.

Core Responsibilities

Contribute to the technical vision and development of SkillGrader
Act as a hands-on contributor in the growth stages, focusing on app development
Participate in the oversight of technology and all aspects of engineering
Support strategic planning for technical development and future growth
Work closely with the team lead and other developers

Qualifications

Extensive experience and expert-level knowledge with React Native (TypeScript) for cross-platform mobile solutions, leveraging mobx-state-tree for state management.
Proven track record building iOS and Android applications.
Extensive Knowledge of app store deployment processes.
Knowledge of native tools (Xcode, Swift/Objective-C, Java/Kotlin)
Full-Stack Understanding
SaaS Startup Experience
Comfortable in agile, fast-paced environments that prioritize rapid iteration and market responsiveness.
Experience collaborating with remote teams is a plus, including effective communication and project coordination.
Ability to drive best practices in code quality, testing, and documentation.

Technical Skills

Expert level knowledge with React Native (TypeScript) for cross-platform development, including mobx-state-tree for state management. (5+year)
Extensive experience with app store (iOS, Google Play) deployment and release management.
Experience with iOS (Swift/Objective-C) and Android (Java/Kotlin) native development.
RESTful APIs, data exchange protocols.

Benefits:

Extended health care

Paid time off

Stock options

Education:

Bachelor Degree in Computer Science (strongly preferred)

Job Type: Full-time

Pay: $100,000.00-$120,000.00 per year

Benefits:

Dental care
Extended health care
Paid time off

Experience:

React Native: 5 years (required)

Location:

British Columbia (required)

Work Location: Remote"
Full Stack Developer (NodeJS/React),Calnetic Inc,https://ca.indeed.com/pagead/clk?mo=r&ad=-6NYlbfkN0AMPysnyqM7d2sbYEARu5kOQzf0LFN_rbo0qzRJogetXES2RkvyBGxtSHEnYqwcTDzJSzNE-yTV5vx133G7lQlJ2zsirvyxeOMabTlSu4Sus75QY0cscykQUUvbZdkzTMey0G8-lcRNIP4_eSsL91X0C2Dt4yB29Gxov-MKtQSO15FaVNJsHbYBq-ByTMKEaIqSpHVIe7QdtpjCgUAOwcwa44oX3ACkCb2M1yeUIe5GbVfXQPR8yJwQMulkR1RXadnlonTgfYcDpPGFzemNSOr9ikdG-7VH8umR6pRUQLNxgs-16eCITWh_Pbg6pnqn_v-Zc_qvuvnF_fe00KphDTJENYyzVPwguO6-mIVDt7UHmH27Iw89JlUh_y49CkUTcZz1du9QpdYnfhKildbcCLxmksblyPlS8RjoYmbA_VpT8lnDUdQbYR6o78H33yeXWv4k5DDl9QBLBQWio1EfhKdehS7eP7jLRLFAuV-wf_BuQsVwl4jY-Xse5fuDrXQJay3uoiwQw4ccwAgGe_yHyVI05MpdP9X_vt5N3D-9E0ADyQnBx8zGyjM0i-wmcdy6IZeBjp7obHlYziY9aJgBzo9czulvBYiHaSHyvENrFVO5MJ46BIOUL4LMctEXi5HKcC-RR0gW2pv6dMpoZ8hsmaHnCW5NBEYJOi2m03n7D5MRPA==&xkcb=SoBo6_M3pva-zdW0Bp0CbzkdCdPP&camk=ethIe0s0hedUXHank_jnxw==&p=9&fvj=0&vjs=3,"Calnetic is a growing software company based in Calgary, focused on building clean, modern applications that solve real problems for businesses. We specialize in automation tools and SaaS products that make workflows smarter, faster, and easier.

As a Full Stack Developer at Calnetic, you’ll be at the forefront of shaping innovative digital solutions. You’ll work across React, Node.js, Supabase, and PostgreSQL to craft seamless, scalable applications that redefine user experiences. Beyond coding, you’ll collaborate closely with clients and our internal team, analyzing requirements, solving complex problems, and delivering elegant, effective solutions.

We value creativity, curiosity, and craftsmanship. If you’re someone who thrives on learning new technologies, enjoys solving real-world challenges, and wants to grow with a business like ours, let's connect.

APPLY HERE: https://recruithound.ai/job-openings/job?id=43d2d707-4e01-4d51-8a0b-186ea347db39

Responsibilities

Develop full stack applications using React and Node technologies.
Implement back-end functionalities using Supabase and PostgreSQL databases.
Communicate effectively with clients to understand and address their requirements.
Analyze and solve complex problems logically within the full stack development process.
Collaborate with team members to ensure seamless integration of front-end and back-end components.
Stay adaptable to evolving technologies and industry trends to enhance project outcomes.

Requirements

Proficient in React.js and Node.js to develop full stack applications effectively.
Experience working with Supabase and PostgreSQL databases for implementing back-end functionalities.
Strong communication skills essential for client interactions and understanding their requirements.
Analytical problem-solving abilities to address complex technical challenges efficiently.
Self-motivated and adaptable professional capable of thriving in a dynamic work environment.
Collaborative team player mindset to contribute effectively to group projects.
Familiarity with Tailwind CSS, RESTful API design, and testing methodologies to ensure high-quality code delivery.

Benefits

Engage with cutting-edge technologies like React and Node.js to enhance your skill set.
Foster problem-solving abilities in a collaborative environment that values teamwork and innovation.
Enjoy the flexibility of remote work arrangements for a better work-life balance.
Access opportunities for professional growth and skill development through challenging projects.
Benefit from a supportive work culture that values your contributions and encourages personal development.
Experience a dynamic and inclusive work environment that promotes creativity and continuous learning.

Job Types: Full-time, Contract, Permanent
Contract length: 6 months

Pay: $25.00-$55.00 per hour

Expected hours: 40 per week

Work Location: Hybrid remote in Calgary, AB T2P 1H2"
Senior Java Software Engineer- Canada,Bellwood Labs,https://ca.indeed.com/pagead/clk?mo=r&ad=-6NYlbfkN0BbcS2TMpnX8ta2d7VziHXbD-4yrELM3HcMBz1N5h3AcAJcn2VWr9xFQ6QV5vrt7zitdOZFQ7CEVJ_eijxr6WHyF3mZU7qZyOycgGr6L8hrnepPPj_n8TpFOow87HaTGNSgnc7ANSz8bWP55rzr5YpyAnOJCftXruZtrQu54wD6rtcARMYTg6hD5DoMXG1yaycyxUgngjCS5JesyHJh3QpmE5NvIauStAnl8AZueSRRVZPZxwXB3ndw0wxQxCP5RxUhVyQAUUYLaUzbJsnmUVhJMPYmT_1x6_wSZvucIAxFTZPKdYOS_45CFJNpyTtUBf_fMqLIh8sKAJbDkCOsMpwCITGFOJ8FT3qt5_dUDkQXheNzio-aC5fEwovOD9QsqoUWPc05kdK2YQyQII7S0IHJGtCPGrx9Q4NbNe2Klc7CilZaNxPLDxiBnAZ7PRt8o1x7vHkTB_Z1_JmnMcM1RiGMXm8XlDCeZ4drc_ijOKd1sfxLRYOrLOxBagNyEy9hrB1AvPKFD7kold37KpxokO24_t_f-OKrXxyzmzM21RkErqeM05zyo3b4MLqTu0SDoSk4R3NSxG8lMzRmAKEWUubjeNfErM6n0AE5WLAlzHVxk6SES42rDUthd9uCyeADMT5fhP6OBlbnRjbRSJ0FLSf5_qqUDLyV2POcXYEzxqAEsLsuoc_Eb98X_NXlOEk1mbTVqxYF1PYfhF3l4KRTe0SvZrFVqh902reuVq_r4493HcOVLU13JiZM&xkcb=SoD16_M3pva-zdW0Bp0BbzkdCdPP&camk=UoKtGZLa3XKqKLMCvJAHPw==&p=10&fvj=0&vjs=3,"About the job

We are seeking a Senior Java Software Engineer to build and scale business-critical web products.

This is a unique opportunity to work alongside an experienced team that excels at building quality client products at scale. This position reports to an Engineer Team Lead.

Qualifications

Essential skills: Deep experience with Java / Spring Boot (C# / .NET experience may be considered). React, Go, or Python skills are a plus.

Helpful skills: AWS, Kubernetes, Docker, Argo CD, Atlas, and GitHub Actions

The role also requires a voracious appetite to learn and apply new skills. You should be skilled at building web-based software or mobile apps, and excel at building software with different sets of tools and in different client environments.

Key Responsibilities include:

Design, build, scale, and enhance Software Products, Apps, and Platforms based on Client Needs and Business Requirements
Communicate Technical Topics clearly, in language that can be easily understood by Clients
Collaborate with Designers, and Product Teams to propose solutions to meet the goals of Clients and their Products
Define, refine, and document Best Practices that enable excellent team performance

We’re looking for someone who:

Has 5+ years of full-stack software development experience
Has experience building and scaling Software Products
Has experience architecting and deploying Software Products to Cloud Providers like Google Cloud, Amazon Web Services, or Azure

Travel Requirements:

This position requires mandatory travel to attend two key company-wide events annually. These events are essential for our organizational goals and provide valuable opportunities for team engagement and collaboration. The company will arrange and cover all travel and accommodation expenses. Additional travel related to the role may also be required.

Benefits

Remote
Open PTO
Subsidized Medical, Dental, and Vision Insurance
Short/Long Term Disability
Profit Sharing
Company Retreats

Company Description

Bellwood is a dynamic Product Development Consultancy. We're a team of developers, designers, marketers and entrepreneurs that companies turn to when they want to take a software product from conception to creation.

Our Mission

Bellwood seeks to be and be known as the most trusted partner to Build and Scale software products.

Our Core Values

We Embrace Your Goals
We Own our Commitments
We Succeed through Empathy
We Take the Next Step

Join our tight-knit team of sharp technologists to leverage your talents and grow your skills. We are looking forward to meeting with you!

Job Type: Full-time

Pay: $110,000.00-$150,000.00 per year

Benefits:

Dental care
Paid time off
Vision care

Work Location: Remote"
Ingénieur Fiabilité des Services IA (HVAC/Contrôles)/ AI Service Reliability Engineer (HVAC/Controls),Trane Technologies,https://ca.indeed.com/pagead/clk?mo=r&ad=-6NYlbfkN0Da44vtOp6gikr8DZH0EXuV_TqGL9GOBsYLC_HWBST2HBytYlWwM13nsFeWtmPi2_DitJgg-iiADfMaUANpxL7MoVGoJI-aHjGqbYho95TYoOQuNSy6s7bSYAu8iy-ygqKYt_8IOmmxUaS2sYbyjLo87AZTG1YF8MuODG3tLxu8nNp1u6WoQMI5JnkKFjHucxNeLcfv6uB5hppgOn7l8fKBjgwjes4-yR5lYSBi56o7kc0zX4VQbRUwKpAhVuc_7cz5Atolc5K5uSNI1xdwn6ALmhkNqmusCRezPsbDEUSye7v8NNL3marEzHzYLSdeBta50u0qJ1EQBcoxc2jF_q3yeoF95Jbes-yM6hpV2XAU8dsVW1oAHycNlfcCvEN5Xrxkh7dPIsPgcl8UrUTh4XGBzJP4MiejfGc9ml8CS1ISKZt3tYL464f2If9h-9z9fVKvNVwrOdg9f3p_L59ETBFcaI6U0_1oYj45Z4rmcdLox2YCnePRNBnoXMfwTebVh7shg9CLjSsNcaku76BImCz3Bdu0dm5eqNQwrQK0AUzNg1bo5nQ5RntUzq_wkZNlLs4bwxGW_We4GiatepNaiaDggyn9m-j3LICbHJj19JvIyiTpVf3OXnFCmVXoSUzQPEtS92wdJLCMTiriOQi1MPyJZqEwaUdV8NEQULPC51NlqoOPLZycELSQaWEAExUHjDjgAbHsaFhRIBfMxf-PpHKNqxNSseD-3V1YLQ9MfZFa_xfFku1-l9xH6IeUS9muZSe59bsbxqcj7Tjmmhxw6AryDs852KvNQ5dnYO2gPx5GBXXkSEiPsRczPa7aP-i3B2oSeA8nyfIRQ0hG9iXAvcNQNeLUTwAJSLXSYmyP9yXZa_xuNgJevOIoCXlQ9uOjyv68sJmYgNxGxAbgKRWDYkZbhTvlDTw6QhKwKKjFqk1kwWlF8LR3Vn9vOYL0ccWI1lGsvt6YVtvOrGOjAdsdp7BZorCdeH4bDmbKefZOv4PQ1YhVBRRRKZGH4PVrj7kssulHV7qxFalrJfLQkbNYbo_53hEmrliHwBpQCLbNe7PkTvj8MNIp-siMco30C_5u9qeDukpIacY4Zx2g8kpfukJXVIh1-zluTKUYF8VuxTo1nmcC4JwbHZxOSCU_57Lrgd8xj7CaRwoLscJwxm2kcXQ4PzF7n8bShFDjK140-_xceKWJBHsAGxB9THG8glxdKkhSTXOrkUNV_7TLCp5pSptMhtY31_fh3q2ORAHVKvEJcsXGOGeIJezbiPMp5QEtc6hNk1X9bCLWiT5mh_M9lAxS_yPhJGWqJzqbAocmR68ahgt1qmLUCXocrng-IbxDSX_6P521A3GXbdls81QvEKxahvPILktUGEhOjf-ERT5qHL-2g0otF3z365xrznMFHTn746gqnv6ZGLgYEOhTdPA6aqR-M7I0h6M1aOHIDxcTrfNapzWyio0QnuJt-GBFMiJ3ftT4TXg5GBLClaUe-_2pcZLfGd8icJkUdgq_dTAqyrVMWXXhKZRf_WirCDACYV3FSdBUzpwlRpZPOVhwg5-AqAl6NV7ZmOH7doEpmueIJtEwvpjoSns3DDtr8j-yqBKwPfgkuGscW90lILYwf7Grn9HaMwfsw3UWD39OQBBxB-_-tOO2Bxav_ciISVmm-k-TdFfpkPXr-1nhGhXMM7SallPsBrgzwkcCoZfT3v00j6YqKrZrrJzujKkhiERf-yM2QH9pAXxBsCCL1Y_djYtDhwcgZtFcakF9Rr9qLY3ABbaNGXAOQ9r4n3lnedEnmCyCmrozl8vIhTqz4nugcUZHKyNOjZ44O9P4ms24X7cn-J01mMZ7v1Ird2gp9zBuExfYHHIXQmK6AnYXpX_84EGmcjXrhGRpNc3nh0_wmJbiTSu4sb7zqClu_dDIX1bca_M=&xkcb=SoBB6_M3pva-zdW0Bp0AbzkdCdPP&camk=G42KULXkIwNgsgqagokIHA==&p=11&fvj=0&vjs=3,"Chez Trane Technologies™ et par le biais de nos entreprises, notamment Trane® et Thermo King®, nous créons des solutions climatiques innovantes pour les bâtiments, les maisons et les transports qui remettent en question ce qui est possible pour un monde durable. Nous sommes une équipe qui ose regarder les défis du monde et voir les possibilités d'impact. Nous croyons en un avenir meilleur lorsque nous élevons notre prochain et permettons à nos collaborateurs de s'épanouir au travail et à la maison. Nous avançons avec audace.


Ce que cela signifie pour vous :

Faites partie de notre mission ! Un avenir durable exige une avancée numérique continue. Notre équipe de solutions numériques mène la voie en développant la technologie climatique de prochaine génération axée sur la réduction de la consommation d'énergie et des émissions du côté de la demande. À travers nos marques, y compris BrainBox AI, Nuvolo, Thermo King, Trane et plus encore, nos équipes combinent une expertise technique approfondie avec des analyses avancées pour créer des solutions basées sur les données qui apportent une réelle valeur aux clients, aux communautés et à la planète. Nous investissons dans les possibilités de demain - et dans nos employés - en offrant un apprentissage continu, du mentorat et des opportunités de travailler avec une technologie de pointe. Que vous avanciez l'IA dans le HVAC ou que vous conduisiez des analyses pour une plus grande efficacité, vos idées aideront à concevoir des solutions pour des communautés plus fortes et un monde durable.


BrainBox AI utilise une technologie d'intelligence artificielle auto-adaptée pour optimiser de manière proactive la consommation d'énergie de l'un des plus grands contributeurs au changement climatique : les bâtiments. Notre moteur IA soutient un bâtiment auto-opérant qui ne nécessite aucune intervention humaine. En utilisant l'apprentissage profond, l'informatique en nuage et notre processus propriétaire, notre solution optimise de manière autonome les systèmes de contrôle de chauffage, ventilation et climatisation (HVAC) existants pour un impact maximal sur la consommation d'énergie. Une opportunité excitante attend le candidat idéal pour faire partie d'une entreprise en pleine croissance. Nous recherchons un Ingénieur Fiabilité des Services IA (HVAC/Contrôles).


S'épanouir au travail et à la maison:

Les avantages commencent dès le PREMIER JOUR pour vous et votre famille, y compris les soins de santé étendus (EHC) qui incluent la couverture de la fertilité, un compte de dépenses de soins de santé (HCSA) financé par l'entreprise et des programmes de bien-être global – NOUS OSONS PRENDRE SOIN !
Régime de retraite à cotisations déterminées avec une contribution de base de 2 % de l'entreprise et jusqu'à 3 % de contrepartie de l'entreprise sur vos contributions = jusqu'à 5 % de contribution de l'entreprise.
Congés payés, y compris une journée de congé pour du bénévolat afin de soutenir vos efforts de bénévolat dans votre communauté.
Opportunités de développement professionnel et de formation par le biais des programmes de l'entreprise ainsi qu'une aide aux frais de scolarité.
En savoir plus sur nos avantages ici !


Où se trouve le travail :

Ce poste est désigné comme un horaire de travail hybride, avec une présence sur site à Montréal de 2 à 3 jours par semaine.


Ce que vous ferez :

Collaborer avec les clients internes et externes pour concevoir et mettre en œuvre des séquences de contrôle HVAC innovantes. Fournir un support de dépannage expert et des conseils pour résoudre les problèmes de système. Conseiller les parties prenantes sur l'optimisation et l'amélioration des performances du système de contrôle pour atteindre les objectifs opérationnels et d'efficacité énergétique. Coordonner avec les équipes de développement et de produit pour automatiser les déploiements et développer des outils qui simplifient les déploiements de systèmes, y compris les produits alimentés par nos algorithmes d'optimisation IA. Soutenir, déboguer et améliorer continuellement les outils de déploiement de bâtiments intelligents mondiaux, les algorithmes, les modèles et les processus pour garantir l'évolutivité et la fiabilité. Écrire du code efficace, maintenable et évolutif pour une fonctionnalité backend robuste et des API fiables. Développer et maintenir des systèmes de contrôle de bâtiments basés sur le web, des analyses basées sur les données et des systèmes de contrôle de bâtiments répondant aux besoins des clients internes et externes. Collaborer de manière interfonctionnelle pour tester, dépanner, corriger les bogues et mettre en œuvre des solutions à travers toutes les technologies déployées - y compris les algorithmes IA, les contrôles de bâtiments et les services backend. Mettre en œuvre des automatisations et des améliorations de processus pour des services durables et auto-opérants. Gérer les tests d'acceptation des utilisateurs pour les nouveaux outils et fonctionnalités et le transfert de connaissances à l'équipe des opérations. Documenter les processus de travail et les procédures techniques, y compris les algorithmes déployés, les outils internes et les systèmes. Équilibrer les priorités et le temps à travers plusieurs projets, en garantissant des livrables à temps et un rapport de feuille de temps précis. Effectuer d'autres tâches connexes selon les besoins.


Ce que vous apporterez :

Diplôme de baccalauréat en génie logiciel, génie mécanique/électrique, génie des contrôles HVAC ou un domaine connexe. 2+ années d'expérience en tant que développeur front-end, backend ou full-stack, de préférence dans des contextes de bâtiments intelligents ou d'automatisation. Expérience démontrable de travail avec, de soutien ou de déploiement de solutions techniques et de technologies d'optimisation, idéalement dans les systèmes de bâtiments ou HVAC. Compréhension solide des concepts, stratégies et meilleures pratiques en génie logiciel. Maîtrise de la programmation front-end et back-end (par exemple, Vue.js pour le front-end ; Python, JavaScript pour le back-end). Expérience avérée dans le développement d'API RESTful et l'architecture de microservices. Familiarité avec les systèmes HVAC, les systèmes d'automatisation de bâtiments (BAS) et les protocoles de communication (BACnet, Modbus, LonWorks), ainsi que le matériel de contrôle. Capacité à lire et interpréter les schémas mécaniques et électriques. Solides compétences en dépannage et en analyse. Excellentes compétences en communication et en travail d'équipe ; capable de travailler dans des cadres Agile.


Atouts :

Expérience dans la mise en œuvre et la maintenance de pipelines CI/CD (par exemple, GitLab CI/CD). Familiarité avec les plateformes cloud et l'automatisation des déploiements. Expérience avec l'IA, l'apprentissage automatique ou l'IoT dans des contextes de bâtiments intelligents. Expérience avec des plateformes de programmation telles que Trane Tracer, Siemens Desigo, Honeywell WEBs, Distech Controls, Niagara Framework et Johnson Controls Metasys.


Exigences linguistiques :

Le bilinguisme français-anglais est requis.

En plus de la maîtrise du français, les candidats retenus doivent avoir une maîtrise professionnelle complète de l'anglais afin de soutenir et de collaborer avec des clients, collègues et/ou divers intervenants anglophones.


Égalité des chances en matière d'emploi :

Nous offrons une rémunération compétitive et des avantages et programmes complets. Nous sommes un employeur offrant l'égalité des chances ; tous les candidats qualifiés recevront une considération pour l'emploi sans égard à la race, la couleur, la religion, le sexe, l'orientation sexuelle, l'identité de genre, l'origine nationale, la grossesse, l'âge, l'état matrimonial, le handicap, le statut de vétéran protégé ou tout statut légalement protégé.


At Trane Technologies TM and through our businesses including Trane® and Thermo King®, we create innovative climate solutions for buildings, homes, and transportation that challenge what’s possible for a sustainable world. We're a team that dares to look at the world's challenges and see impactful possibilities. We believe in a better future when we uplift others and enable our people to thrive at work and at home. We boldly go.


What’s in it for you: Be a part of our mission! A sustainable future demands ongoing digital advancement. Our digital solutions team leads the way in developing next-generation climate technology focused on reducing demand-side energy consumption and emissions. Across our brands—including BrainBox AI, Nuvolo, Thermo King, Trane, and more—our teams combine deep technical expertise with advanced analytics to create data-driven solutions that add real value for customers, communities, and the planet.

We invest in tomorrow’s possibilities—and in our people—by providing ongoing learning, mentorship, and opportunities to work with industry-leading technology. Whether you're advancing AI in HVAC or driving analytics for greater efficiency, your ideas will help engineer solutions for stronger communities and a sustainable world.


BrainBox AI utilizes self-adapted artificial intelligence technology to proactively optimize the energy consumption of one of the largest climate change contributors: Buildings.


Our AI engine supports a self-operating building that requires no human intervention. Using deep learning, cloud-based computing, and our proprietary process, our solution autonomously optimizes existing Heating, Ventilation, and Air Conditioning (HVAC) control systems for maximum impact on energy consumption.


An exciting opportunity awaits the right candidate to be part of a fast-growing company. We are seeking an AI Service Reliability Engineer (HVAC/Controls).


Thrive at work and at home:

Benefits kick in on DAY ONE for you and your family, including Extended Health Care (EHC) that includes fertility coverage, Company-funded Health Care Spending Account (HCSA), and holistic wellness programs – WE DARE TO CARE!
Defined Contribution Pension Plan with a 2% Basic Company contribution and up to a 3% Company match on your contributions = up to a 5% Company contribution.
Paid Time off, including volunteer time off to support your volunteer efforts in your community.
Educational and training opportunities through company programs along with tuition assistance
Learn more about our benefits here!


Where is the work:

This position has been designated as a Hybrid work schedule with work performed onsite 2-3 days each week in Montreal.


What you will do:

Collaborate with internal and external customers to design and implement innovative HVAC control sequences. Provide expert troubleshooting support and guidance to resolve system issues. Advise stakeholders on optimizing and enhancing control system performance to meet operational and energy efficiency goals
Coordinate with development and product teams to automate deployments and develop tools that streamline system rollouts, including products powered by our AI-driven optimization algorithms.
Support, debug, and continuously improve global smart building deployment tools, algorithms, templates, and processes to ensure scalability and reliability.
Write efficient, maintainable, and scalable code for robust backend functionality and reliable APIs.
Develop and maintain web-based monitoring, data-driven analytics, and building control systems meeting internal and external client needs.
Collaborate cross-functionally to test, troubleshoot, bug-fix, and implement solutions across all deployed technologies—including AI algorithms, building controls, and backend services.
Implement automation and process improvements for sustainable, self-operating services.
Manage new tool and features user acceptance testing and knowledge transfer to Operations team
Document work processes and technical procedures, including deployed algorithms, internal tools, and systems.
Balance priorities and time across multiple projects, ensuring on-time deliverables and accurate timesheet reporting.
Perform other related tasks as assigned.


What you will bring:

Bachelor’s degree in Software Engineering, Mechanical/Electrical Engineering, HVAC Controls Engineering, or a related field.
2+ years’ experience as a front-end, backend, or full-stack developer, preferably in smart building or automation contexts.
Demonstrable experience working with, supporting, or deploying technical solutions and optimization technologies, ideally within building or HVAC systems.
Solid understanding of software engineering concepts, strategies, and best practices.
Proficiency in front-end and back-end programming (e.g., Vue.js for frontend; Python, JavaScript for backend).
Familiarity with HVAC systems, building automation systems (BAS), and communication protocols (BACnet, Modbus, LonWorks), as well as control hardware.
Ability to read and interpret mechanical and electrical schematics.
Strong troubleshooting and analytical skills.
Excellent communication and teamwork abilities; able to work in Agile frameworks.


Nice to Have

Experience implementing and maintaining CI/CD pipelines (e.g., GitLab CI/CD).
Familiarity with cloud platforms and deployment automation.
Experience with AI, machine learning, or IoT in smart building contexts.
Experience with programming platforms such as Trane Tracer, Siemens Desigo, Honeywell WEBs, Distech Controls, Niagara Framework, and Johnson Controls Metasys.


Language Requirements

French-English bilingualism is required.

In addition to fluency in French, successful candidates must have full professional proficiency in English in order to support and collaborate with English-speaking clients, colleagues and/or various stakeholders.


Equal Employment Opportunity:

We offer competitive compensation and comprehensive benefits and programs. We are an equal opportunity employer; all qualified applicants will receive consideration for employment without regard to race, color, religion, sex, sexual orientation, gender identity, national origin, pregnancy, age, marital status, disability, status as a protected veteran, or any legally protected status.


#LI-Hybrid"
Full Stack Developer - Développeur Full Stack (Montreal),Fednav Limited,https://ca.indeed.com/pagead/clk?mo=r&ad=-6NYlbfkN0CMUMoGJ1wLb9DHyGUD0dHf_H-zgOB_8LBloA01JUmjv_EbO7q04QfDwsLxfxzFlGom6-3md7ONW0peQaXcYqDjUP068bGqpSlHFotBpA2OyndRN982pZWsirQqLVfat5m95-YXAp1DgcdE-FeggHxMzP2CIZqbcISp_ixynjddV8-OpFJu-HUQa66Oz2nDyQ73lngBT_yesjBHcb03M4fvMR0d4E8miwlT2tk2ndpUxARm3abAiOp64nuf1MY88ffL5AGS3-ouw8LOnpKbEvr1WZWDpeBEWqGRJH-aCXhCVClx96Snh5cLMA67VN53F2BE48izPtWYxunaI38JTUTNwFNtNZE4PXfNt2LHgAP77QrASz9Ll6d9WngLM-Ub3wl8q2fqpfYLCOu61qfVD2gocriY15pSOX16lAgiMPIoqqpvbtWWeAqOa1gfIH9wwIett30u0JCFZfhnw-X-APwGkvENKqnjHwi1GlIfgyBjXMWhLWKxCHHj3T2OVlDPctKBrAyG3Pfpg-r2FK9VMSiVet1CwoEXvqEoJJ4nk6aSMJX_7vNTi1hHDoWKBrPKC1XkzT1o04vgAOEzRgp1YWe_zOQBjKTBsPXqvXT1qPiMvs9KPzj3-PnKBIbkDbXYR30=&xkcb=SoDP6_M3pva-zdW0Bp0HbzkdCdPP&camk=UoKtGZLa3XL6QCryyQMeLA==&p=12&fvj=0&vjs=3,"QUI NOUS SOMMES | L’ENTREPRISE

Fednav, dont le siège social est à Montréal, est la plus grande entreprise canadienne de transport maritime international de vrac sec. Forts de plus de 80 ans d’expérience et d’expertise, nous sommes une organisation dynamique, innovante et respectée qui s’engage envers ses employés et ses clients.

Fednav est à la recherched’une personne expérimentéeafin de combler un poste de Développeur Full Stack et rejoindre notre équipe de Données, BI et Intégrations. Dans ce rôle, vous concevrez et développerez des applications évolutives, sécurisées et performantes qui soutiennent l’analyse, la production de rapports et l’intégration des systèmes à l’échelle de l’organisation. Vous collaborerez avec des ingénieurs de données, des analystes BI et des spécialistes en intégration pour livrer des solutions de bout en bout favorisant la prise de décisions basée sur les données et l’efficacité opérationnelle.

Lieu : Montréal, en mode hybride, 3 jours en présentiel par semaine

LES TÂCHES | LE RÔLE

Principales responsabilités :

Développer et maintenir des applications Full Stack soutenant les pipelines de données, les API et les outils internes
Concevoir des interfaces front-end réactives et intuitives à l’aide d’infrastructures logicielles modernes.
Concevoir et mettre en œuvre des architectures back-end sécurisées et évolutives pour l’accès et la transformation des données
Intégrer des systèmes internes et externes via des API et des structures de messagerie
Assurer la qualité, la cohérence et la gouvernance des données sur les différentes plateformes
Collaborer avec les équipes travaillant sur l’automatisation robotisée des processus (RPA) et les solutions d’intelligence artificielle pour soutenir les flux de travail intelligents et automatisés

L’APPORT | LA PERSONNE

La personne privilégiée possède :

Minimum 3 ans d’expérience en développement Full Stack
Diplôme universitaire en informatique, en ingénierie ou dans un domaine connexe, ou une combinaison d’éducation et d’expérience pertinente)
Solides compétences back-end en Python, Node.js ou Go
Familiarité avec les services infonuagiques (ex. : AWS, Azure)
Compréhension des principes CI/CD, du contrôle de version avec Bitbucket et des normes de sécurité des données
Excellentes aptitudes en communication et en résolution de problèmes
Maîtrise du français et de l’anglais (oral et écrit) requise*

Atouts :

Expérience avec des plateformes de données telles que Databricks et Snowflake
Connaissance des outils BI (ex. : Power BI, Tableau) et de la modélisation de données
Expérience avec UIPath comme outil RPA
Familiarité avec Azure PowerApps ou PowerAutomate pour l’intégration des systèmes
Expérience avec les produits Azure AI

*Pour les postes disponibles à Montréal (Québec), veuillez noter que le bilinguisme est exigé en raison de fréquents échanges avec nos collègues, partenaires et clients internationaux

Nos valeurs se définissent par l’honnêteté, l’intégrité et le respect de la communauté et de l’environnement. www.fednav.com

WHO ARE WE | THE COMPANY

Fednav, headquartered in Montreal, is the largest ocean-going ship owning and chartering company in Canada engaged in ocean transportation of mainly bulk cargoes on a worldwide basis. With over 80 years of experience and expertise, we are a driven, innovative, and respected organization committed to our employees and customers.

Fednav is seeking a skilled Full Stack Developer to join our Data, BI, and Integrations team. In this role, you’ll design and build scalable, secure, and high-performance applications that support analytics, reporting, and system integrations across the organization. You’ll collaborate with data engineers, BI analysts, and integration specialists to deliver end-to-end solutions that drive data-driven decision-making and operational efficiency.

Location: Montreal, hybrid requires 3 days in person at the office per week

WHAT YOU'LL BE DOING | THE ROLE

Key responsibilities include:

Develop and maintain full stack applications supporting data pipelines, APIs, and internal tools
Build responsive and intuitive front-end interfaces using modern frameworks
Design and implement secure, scalable back-end architectures for data access and transformation
Integrate internal and external systems using APIs and messaging frameworks
Ensure data quality, consistency, and governance across platforms
Collaborate with teams working on RPA (Robotic Process Automation) and AI solutions to support automation and intelligent workflows

WHAT YOU BRING | THE PERSON

The ideal candidate has:

3 years or more of experience in full stack development
Bachelor’s degree in Computer Science, Engineering, or a combination of relevant education and experience.
Strong back-end skills in Python, Node.js, or Go
Familiarity with cloud services (e.g., AWS, Azure)
Understanding of CI/CD, version control using Bitbucket, and data security principles
Excellent communication and problem-solving skills
Fluency in English and French (written and spoken) is required*

Preferred Qualifications:

Experience with data platforms such as Databricks and Snowflake
Knowledge of BI tools (e.g., Power BI, Tableau) and data modeling
Experience with UIPath as an RPA tool
Familiarity with Azure PowerApps or PowerAutomate for system integration
Experience with Azure AI products

*For positions available in Montreal (Quebec), please note that bilingualism is required due to our frequent communication with our global partners.

Honesty, integrity, and a respect toward community and environment define our values.

www.fednav.com

Job Types: Full-time, Permanent

Pay: $120,000.00 per year

Work Location: Hybrid remote in Montréal, QC"
Sr. Full Stack Developer (Staff level),Procom,https://ca.indeed.com/pagead/clk?mo=r&ad=-6NYlbfkN0BreR47D9bMWJ28XlwS8rs2_GIFY3-vSdy_Xwl-swcV-ldpN3v4HL8bbSPokbP8qOI6_tst7uBuTtxNgMs0T2CX9xJDLMgd_qxtXkXV6GfEw06VVHi9MqcCbFgeIL_Es2A45y4UAjVC4Fh_FIkJ7TXZFVszM-V2u9JsFe0Oy_vIcZeHBxo1oIYGdN2vvR2p7F3jIpYSxybbuCCUy1-L1aOqDROm_oCkDfvZMBGEwBTMY0s8YS41BDeZdkuEQhyDPggf3in9gVGO4LoN_3iAEPgyBSYgEtctY4eDIvMYz0i7p7raRjO2jAL5Lu1zNvzgc2sJPq2-g2jtWgNTMQWxSGue31AO_nXU7wF56y6gXoqxHjUPBtcs1bs8FnFjW0bA_30qMuhs4m_9kRJ_jH4-UrmaGx42X6vnPfU2uUtYhzDdUJlStyQV6xKdbbt8rzrwcFJlCNwQ6MpH-DXEO_5SLiI7921gYb5pCTDc35rSvp9s2dl5BI-MZ6oCY7oogZmW6yXriaiGIKLjOva-FSyitJ0tUTevL8ha155ZT5ynrfHzc82QFrw2TgiOHZHlDio6KxsYPYE5CeaaEAuqg9K7B7-wLiDdaGi24-YXRRVnYRyJFydgQsPNkbqBjGLBNz4VUHgc-oOOQPeA2rRdCnGoTY5xR9_KLVKqw2mCyob8UVpKVmMkxjlaRGh1Dbj2METIRZD2Wp5OKNRPMy96M5EYsErP3EEwq6lCOMrZV1zpY44naK1MQYY53OfvFKgmjBfyaJXSpZE1w9VdEQwvSaqKiDZJBxxHwo2CXk8Nh8SziuxUZiodctBYhmMhUpFoQGX3OHH6ygwgLFhZHHCag_Zy48NuERCuthrqJiU9rs-34dEH8OylDbLApa-T7126j32StE0=&xkcb=SoB76_M3pva-zdW0Bp0GbzkdCdPP&camk=H-lBaXMUocKk2jabPDrdJw==&p=13&fvj=0&vjs=3,"Sr. Full Stack Developer (Staff level):
On behalf of our IT client, Procom is searching for a Sr. Full Stack Developer (Staff level) for a permanent role. This position is a hybrid position with 3 days onsite at our client’s Montreal, Ottawa, or Toronto office.

Sr. Full Stack Developer (Staff level) - Job Description:
As a Senior Specialist in Full-stack Software Engineering, you will operate at a Staff Engineer level, shaping the future of software engineering with our client by defining enterprise-wide standards, reusable blueprints, and paved paths that enable teams to build secure, scalable, and maintainable applications. This role involves both strategic and technical responsibilities, partnering with engineering, platform, and security leaders to establish best practices and elevate engineering excellence across the enterprise.

Sr. Full Stack Developer (Staff level) - Responsibilities:

Define and drive enterprise software engineering standards for front-end, backend, and full-stack development.
Build blueprints, templates, and paved paths that teams can adopt with confidence.
Lead Communities of Practice (CoPs) to promote knowledge sharing and innovation.
Coach and mentor engineers across teams, advocating for craftsmanship, performance, accessibility, and secure coding.
Establish testing strategies and ensure they are embedded in CI/CD pipelines.
Collaborate with platform, DevOps, and security teams to embed DevSecOps, observability, and GitOps practices.
Align engineering approaches with enterprise architecture and compliance frameworks.
Serve as a trusted technical advisor across multiple teams, influencing decisions at scale.

Sr. Full Stack Developer (Staff level) - Mandatory Skills:

A bachelor’s degree in computer science, Computer Engineering, or related field.
A minimum of 7 years of full-stack engineering experience.
Expertise in modern front-end frameworks (React, Angular) and backend platforms (Node.js, or .NET Core).
Strong experience with API-first development and microservices.
Cloud-native skills with Azure (preferred), AWS, Kubernetes, and Docker.
Proven ability to design and integrate CI/CD pipelines and apply GitOps principles.
Demonstrated leadership in coaching, mentoring, and influencing engineering culture.

Sr. Full Stack Developer (Staff level) – Nice-to-Have Skills:

Experience with Domain-Driven Design (DDD) and CQRS.
Background in serverless computing.
Contributions to InnerSource or open-source projects.
Experience with progressive web apps (PWAs).
Knowledge of multi-brand UI support and micro-frontends.

Sr. Full Stack Developer (Staff level) – Assignment Length:
This is a permanent position.

Sr. Full Stack Developer (Staff level) - Start Date:
ASAP.

Sr. Full Stack Developer (Staff level) - Assignment Location:
Montreal, Ottawa, or Toronto, with a hybrid work model requiring 3 days in the office."
Lead Developer (React/Node),Calnetic Inc,https://ca.indeed.com/pagead/clk?mo=r&ad=-6NYlbfkN0AMPysnyqM7d2sbYEARu5kOQzf0LFN_rbo0qzRJogetXBsx__f_GitHDlS-JEXXXqByL_5mpe-h6gi82UhAx722WAsuQj0DeAhfsrtfyG7NedhoXnQZ6lk-aSNPJxPOve8ID7can32VFNRdTfgTAQfTj44ps4HwXSRsaI8AuS0tSGVxuw9TRMTpbNH6AfA57ewo71y0vViRaBoADi9xBM4rDOBKEEmcNYW6WN-O3MbQ_-gN-_lh4fDdU2DhjAQTtDCRLrm4wsiGKE4wLK7Db2x8NeNj0d2h1MWylrxsLDzIIZ4x-xm5yprLdwTd8fqwI1KhCkF4FJigvzwlue4IWcQVAtKlHZTRoBBbAxGTCDGCN-laEygpVZMkPxXqNcUTsSc8q_Qd9mrtBwhVak1rckj5uL2vlwqqGVXp_-PWop3929R9mTLJrooV99l3gTvH6cuCgxdcIW6dA4R0-Go7meY3LYPXVixEkDQUmBspn8wmpPaU1eNRUYNi9xVDrUH7c6uys7WZ58qcMqqRIvOYU9ojwir_bqhW5XGkkGaFGnqgRTBgAlgHYC-lQSCDbBj_0CH6GIM9kftWrp3pZXTcCNp6lV_I4FhTDl5lbzmmUYyKKItbikgxLbERMAQQoMb_MEsvWQE0edjb1POBmT41hrX-NaXYsAavWW3olrNPIInnr6Pxp66KmcLNIOb5mO1tELw=&xkcb=SoDm6_M3pva-zdW0Bp0FbzkdCdPP&camk=UoKtGZLa3XJPWuddoTNoFQ==&p=14&fvj=0&vjs=3,"Calnetic is a growing software company based in Calgary, focused on building clean, modern applications that solve real problems for businesses. We specialize in automation tools and SaaS products that make workflows smarter, faster, and easier.

As a Lead Developer (React / Node.js) at Calnetic, you’ll take the helm on key software projects; blending hands-on technical expertise with strong leadership and strategic thinking. You’ll architect and deliver scalable, high-performing applications while guiding teams and collaborating directly with clients to bring complex ideas to life.

Your role goes beyond coding. You’ll be shaping the direction of our projects through thoughtful planning, clear communication, and problem-solving finesse. With your experience in React, Node.js, and modern cloud stacks, you’ll ensure our solutions are as elegant as they are effective.

We’re looking for someone who thrives in fast-moving environments, enjoys working closely with clients, and understands how technology drives business outcomes. This full-time remote position offers the freedom to innovate, lead impactful work, and grow alongside a company that values creativity, craftsmanship, and collaboration.

APPLY HERE: https://recruithound.ai/job-openings/job?id=03939e26-5950-46a7-90b7-9264db3ca536

Responsibilities

Lead the delivery of software projects to clients, providing technical leadership and guidance throughout the process.
Assist in scoping and planning activities to ensure successful project execution.
Communicate effectively with clients to ensure project requirements are met.
Resolve complex technical issues through effective problem-solving techniques.
Architect and develop robust React and Node applications for client projects.
Drive the team with a technical problem-solving approach.
Maintain a client-focused professional attitude in all interactions.
Demonstrate effective communication skills with clients and team members.
Stay driven and self-motivated to achieve project goals and deadlines.

Requirements

Proven track record leading software projects from inception to successful delivery, demonstrating technical leadership and guidance throughout the process.
Strong problem-solving skills in software architecture and design, with the ability to resolve complex technical issues effectively.
Excellent communication skills to engage with clients, ensuring project requirements are clearly understood and met.
Self-motivated and driven attitude to assist in scoping, planning, and executing activities for project success.
Expertise in React development, Node.js, and MySQL, with a deep understanding of business processes and software architecture.
Effective client communication and relationship management skills to collaborate with diverse clients and industries, providing technical guidance and support.

Benefits

Lead and deliver impactful software projects, making a difference in diverse industries.
Engage with a wide range of clients, expanding your professional network and experience.
Competitive salary package with performance-based incentives and bonuses.
Access to industry conferences, networking events, and recognition programs to celebrate achievements.

Job Type: Full-time

Pay: $40.00-$75.00 per hour

Expected hours: 40 per week

Work Location: Hybrid remote in Calgary, AB T2P 1H2"
Application Support Analyst (ASA) - ITSM/ITIL & Programming,Clarity.ca Inc.,https://ca.indeed.com/pagead/clk?mo=r&ad=-6NYlbfkN0AeGI72pYgK-_lsOJ987h5hHH0Y127-kk-MmlydtvBWkgQKLDM8HytVXA415O_bGP83QK401rLrAWyOSV5yvy2bCrUZ5e-zEKj4tT3QJHJsVAkZkaoNhTZWnYuCe0Cpai570hm6mNofKBF_LPSP8A23p5z28iOP-P2ZeJrJ-jD5Nn14Asu3yVZEWuciCwPl6expnnvBrmCiYOIl4janZq42CxOF4kL03Q8ZfaZyz5qdQD8CAYOtYMPDGOhjQH304HOj41zk4N2Pmeedqd2mqCfPj9lx5tS-IUM3JnVjOZzCeMnUrZrOOUevN7xBzyEh3OPlAhbqgaDX5rw8Om6ryDb2ZJgJWa3AamSrFB8H0x2C0tDBIVjBnxK_Q3Bgha74i7giuShCweIsRaB4A3GLbxe0rAxFe3yxS5Nn_L4uGoxMKadVRNAzSbS5jFPph3NIEfsKtyKQT6jNz2FIPmCRUr4XGaIORsBAUwmLazU_267lJSBGWUk4WN-rkUbRnwaE396PI0cLqSciSjhd8VX9Y4u9DU1O0vsILXVENB2v72b__fuWeprXxOxq_WkXXlxkoDh9JP3QWV_hHlP-Ea23YlHIi7QdjBzMEhbO4kptdMqWv2dOskO-_NSextaAndOkrlkwjfCxFaR7q-UjotAX5OPie_QfkdMSCo1uIqnE_eA4R_ybFfgVobk-rQwI4POu98pCcZ8GT8ZSjzReSLqHAp_zLY_waayNsToIfmxQ0LyE4SzAaWoIUNB1&xkcb=SoCD6_M3pva8y2SJaB0KbzkdCdPP&camk=UoKtGZLa3XJW3WGZKjqijg==&p=1&fvj=0&vjs=3,"Opportunity Overview

Clarity.ca Inc. is seeking a highly skilled and motivated Application Support Analyst (ASA) to manage and maintain our critical financial workflow applications. This is a fully remote contract position that offers highly competitive compensation for an individual who excels at merging IT Service Management best practices with technical programming and support expertise.

Key Responsibilities

Incident & Problem Management: Provide Tier 2/3 technical support, rapidly diagnosing and resolving complex application issues in adherence to strict ITSM standards.
Workflow Application Support: Serve as the subject matter expert for our financial workflow applications, ensuring high availability, performance, and integrity.
Change & Release Management: Execute and document application deployments, changes, and testing using established ITIL processes to minimize risk.
Automation & Data: Develop and maintain automation scripts and perform complex database queries/updates to support application maintenance and data integrity.
Documentation: Create and maintain comprehensive operational documentation and knowledge base articles.
Stakeholder Communication: Effectively communicate technical issues, solutions, and project statuses to both technical teams and business stakeholders.

Preferred Qualifications

Security Clearance: Active Reliability Status clearance from the Personnel Security Screening Division of the Industrial Security Sector (ISS).
ITIL Foundation Certification.
Bilingualism: Ability to communicate professionally in French (written and verbal) is a strong asset.
Experience with workflow engines or Business Process Management (BPM) tools.
Familiarity with cloud environments ( Azure).
Experience with enterprise ticketing systems ( ServiceNow).

Compensation & Contract Details

Company: Clarity.ca Inc.
Contract Rate: $87,000 – $96,000 CAD (annualized contractor rate).
Contract position: 37.5 hours per week.
Location: Fully Remote (Must be legally authorized to work in Canada).
Contract Type: Independent Contractor (responsible for own taxes, benefits, and statutory deductions).

Apply Today: If you meet these stringent requirements and are ready to bring your ITSM and programming expertise to a critical financial application environment at Clarity.ca Inc., we encourage you to submit your application!

Job Types: Full-time, Contract

Pay: $87,000.00-$96,000.00 per year

Application question(s):

Do you Canadian Reliability Security Clearance or the ability to obtain it (MUST have resided in Canada for at least the last 5 years)?

Work Location: Remote"
Soutien technique (logiciel/TI) et support terrain,Technologies Numetrix,https://ca.indeed.com/pagead/clk?mo=r&ad=-6NYlbfkN0APW1_jUx6oi11wqjsyr0a_2h_LSscCpQ76VvEVfMf9LlmLleK1ZYGYczixsEjegN_Tyn9Em3C3KBJTitAcCO1lfGh7_trY6t4udfbNTj6cXtGidf8uE7VW2bsDQ5QoWbTC7y0nRHO6j-qX1n9LZtWRimCn-Ht3Qi6fMnHiwU7cxdL8A3lX4a1f5iLpU0iyqG_POcM73q65e8tZhLQS66hS5d44NDpkzseYhjx4LgSGGjUo_uMuwHhdcqgeSiOrQ15Qn5ukYI-qfJteuyjmK3tpqY_o6-CnQyuXzxIf76-M2SRlxdiKMIbTaCC3hFi6BxjDDN6V4HEpi4IsDAiI_SDoc2zgP0etBlY34sxZWF543ZegTKbI7hz2GCCcrk5rNU1CI1qbYH_pvDsGCeeY49tEld_UeOSJhPrDjw_pXZNKYhf8qYroiHi9ZKVQWoaBK3Iwd02u9c0ix2W8ih7AXY3h_XX4-LLI5GFpnDnpV-EwMrQnoBS1O08ITbQ8QkfcLbWjc3UH3fq_sF4SSvfTlR4WZ4GozyEzpUIKn6kp9Zu_bH_JlAD3lqJo9mvPnzkLS8JziRE6xIP5b5Z9HGxPXdzzx8yAApdT9w_S1RJck5RAZmDxVx5LZKiwWKobezR_Aa0ZDZY7-HY-nR5CHEwqmz6nWgSyyInXZInBGj7ZWrE5eN-1RL-8oEHnnV92X5nJq9wxL_uwhweZzIqSkqMPfnkDoQlrspXNr7evCBEdYi3EgSA4Gg90LJbq&xkcb=SoAe6_M3pva8y2SJaB0JbzkdCdPP&camk=UoKtGZLa3XKaezj-AW6iFg==&p=2&fvj=0&vjs=3,"Soutien technique (logiciel/TI) et support terrain

(Support client à distance, calibrations, démarrages & maintenance sur site)

Description de l’entreprise

Numetrix est une entreprise sherbrookoise qui conçoit des solutions d'inspection automatisées alimentées par l'intelligence artificielle. Sa clientèle est composée d'entreprises manufacturières dans l'industrie automobile, incluant plusieurs fabricants de pneus parmi le top 10 mondial.

Description du poste

Nous cherchons une personne orientée logiciel et TI pour offrir du soutien technique aux clients, principalement à distance (courriel, Teams, accès distant/VPN), et à l’occasion sur le terrain, incluant des déplacements à l’international pour les démarrages, la maintenance et la résolution de problèmes plus complexes.

Le poste est à dominante logiciel/TI. Toutefois, la personne aura à opérer, calibrer et valider des équipements d’inspection automatisée basés sur la vision par ordinateur (caméras et procédures de calibration), afin d’assurer une performance optimale en environnement de production.

Vous travaillerez en étroite collaboration avec les clients, avec l’appui de l’équipe interne au besoin, et vous contribuerez à la qualité des systèmes avant expédition ainsi qu’au succès de leur mise en service chez les clients.

Responsabilités

Offrir le soutien technique aux clients à distance (diagnostic, suivi, documentation des cas), et sur site lorsque requis.
Tester, valider et approuver les systèmes avant expédition (logiciel, configurations, scénarios de tests, critères d’acceptation).
Diagnostiquer et résoudre des problèmes liés au logiciel, aux configurations, aux performances, aux journaux (logs) et à la connectivité réseau.
Préparer et configurer les environnements (postes/serveurs, paramètres, mises à jour, licences, sauvegardes) selon les processus internes.
Opérer, calibrer et valider les équipements de vision (caméras et procédures de calibration) en contexte de production.
Planifier et coordonner les démarrages avec les clients (prérequis TI, checklist, échéancier, suivi).
Produire et maintenir la documentation (procédures, guides de déploiement, checklists de démarrage, rapports d’intervention et de validation).
Former et accompagner les utilisateurs lors des mises en service lorsque requis.

Profil recherché

Autonomie, débrouillardise et excellentes capacités de résolution de problèmes.
Très bon sens de l’organisation, rigueur, et capacité à gérer plusieurs priorités.
Aisance à travailler directement avec les clients et à communiquer clairement (autant à l’écrit qu’à l’oral).
Intérêt pour les systèmes technologiques en environnement industriel/manufacturier.

Requis

Expérience en support logiciel / TI, déploiement, ou support technique en contexte client.
Bonnes compétences en environnements Windows et notions de réseau (IP, VPN, pare-feu).
Capacité à analyser des logs et à effectuer du troubleshooting structuré.
Maîtrise de l’anglais (parlé et écrit).
Disponibilité à voyager à l’international.

Atouts

Expérience en tests logiciels / validation / contrôle qualité.
Scripting (PowerShell/Python) pour automatiser certaines validations ou tâches de support.
Connaissance d’outils comme Jira, Confluence, Azure DevOps.
Notions d’environnement industriel.

Type d'emploi : Temps plein, Permanent

Avantages :

Assurance Dentaire
Assurance Maladie Complémentaire
Congés payés
Heures d’arrivée et de départ flexibles
Stationnement sur place

Langue:

Anglais (Obligatoire)

Disposition à se déplacer:

25 % (Obligatoire)

Lieu du poste : Télétravail hybride à Sherbrooke, QC J1L 1N6"
IT Desktop Support Advisor,Enbridge,https://ca.indeed.com/pagead/clk?mo=r&ad=-6NYlbfkN0DXkh61CBKLAbWGthCj1ez4QfJvZu0_FGYLh-4zLvFOdTUcajp-3BY_slLxXR-ArpYLq7JdXi2R-yYIk5zs4Kfs4oW2zJUtyeF8FGq-9TMCWKglQvRqbWulgPQGH7mRus3hsx2heFsfnji0H553ayDj2p1Us7_Q2_mcuDb4otqy4cbZNal2vVF4AxvETPhfHq4zzYrK6RxZgTEZmbXkwioXMACoL1xvaAUZiQVtDWYdfH3SG0YGZ2b3DWXPTiiXR_Rc52ug_rCSry06cxbg-JScAGwlxEN3hx1UtWzDZOyuXSIaQhFpWw8LdqSwV2VyBnxk4UOxlhXCFxhhCoVxHvahB1Bqr2uo4TmvcTIS1MGBCuC_etoOZ2gTQDEtbmTOncQR0TsgHwZ0fAqycqZra5K-9fLtMgCoZqh0QwSerfpUOTG0zQ8H-jLBBWeAnMAZSodQ0XE1YfKcUXnM44WilXHW-U1VxfVu-0_Oauxp0cPoPCN69HAnf6GYdsmn89AqsI3TbiQoQ3VfkjbeR93qkdMGuWo7HLkotvJoWo5EzuFxdiTPnIy4AeH0xqYgsn6YrCxdGvJM_uRYGlWc8guUjOf3QajjFKD68u3tkB8hjGY9dLcduSejADZQAG0S2SjeTtlaCsAgIl4B5bkYBXmvbofikZw_Pb-JSPAFd-a6Sy-2X58iS6CEOZJEjI_7zxQgu07v2lFyU50ZVTD3OMr2UgKQAKitc-Ui47kad29N0fadcw==&xkcb=SoCq6_M3pva8y2SJaB0IbzkdCdPP&camk=H-lBaXMUocLzji2jpQ-zfw==&p=3&fvj=0&vjs=3,"Posting End Date:

January 09, 2026

Employee Type:

Regular-Full time

Union/Non:

This is a non-union position

Do you enjoy working closely with top level management in a fast-paced environment providing specialized IT Desktop support? If you have proven experience providing technology support to high priority End Users, and experience with technical planning and process improvement this would be a great opportunity for you!

As a IT Desktop Support Advisor , you will be accountable for the development, implementation, and support of technical and functional solutions for our Calgary office.



We are looking to add an individual to our diverse team who shares in our core values of safety, integrity, respect, and inclusion! In return, we offer opportunities to grow and increase your knowledge and skills, and an exciting career filled with a competitive benefits and pension package. #joinourteam

Note:

Company paid relocation is not offered for this role

What You Will Do:

This is a senior level IT support role that will work directly with enterprise business and IT groups including our managed service partners on both technical and functional issues.

Provide coordination and governance for the local managed service Desktop Team to ensure delivery and performance of their service meets operational expectations.

Responsible for 3rd level support, in depth troubleshooting of technical problems, and knowledge transfer of resolutions back to our managed service partners and other support staff.

Participate in a structured process (requirements gathering, documentation, analysis, validation, and change management) for both continuous improvement of existing processes and technology as well as any new requests for support.

Provide backup support to the executive support team for ELT, BOD, and their administration staff including support for AGMs, Board meetings, offsite meetings, etc.

Self-maintain an acceptable level of up-to-date technical knowledge on trends in the industry, and how those translate into current and future solutions relevant to Enbridge needs.

Who You Are:

Degree or Diploma in an IT or Telecommunications-related field.

4+ years of progressive experience in an IT desktop support role within a large corporation.

Exceptional technical troubleshooting skills and previous experience with process improvement.

Recent experience supporting Senior level personnel and events within a corporate environment.

Possess Strong knowledge and understanding of existing and emerging technologies relating to all levels of end user support.

Exceptional interpersonal, verbal, and written communication, and collaboration skills. Must be able to explain technology concepts and issues in a manner that high priority business partners understand.

Working Conditions:

Office environment.

Periodic levels of confidentiality and adherence to security policies and procedures required in order to protect the integrity of any proposed acquisition

Enbridge provides competitive workplace programs that differentiate us and offer flexibility to our team members. Enbridge’s FlexWork (Hybrid Work Model) offers eligible employees the opportunity to work variable daily schedules with a flexible start and end time or the option to work from home on Wednesdays and Fridays. Role requirements determine your eligibility for each option or combination of options.

At Enbridge, we are dedicated to our core value of Inclusion. We are proud to be an Equal Opportunity Employer . We are committed to providing employment opportunities to all qualified individuals, without regard to age, race, color, national or ethnic origin, religion, sex, sexual orientation, gender identity or expression, marital status, family status, veteran status, Indigenous status, disability, or any other reason protected by federal, state, or local law. Applicants with disabilities can request accessible formats, communication supports, or other accessibility assistance by contacting careers@enbridge.com .

Information For Applicants:

Applications can be submitted via our online recruiting system only.

We appreciate your interest in working with us; however, only those applicants selected for interviews will be contacted.

Final candidates for this position may be required to undergo a security screening, including a criminal records check.

To learn more about us, visit www.enbridge.com"
Senior Service Desk Technician,LAN Solutions Corp,https://ca.indeed.com/pagead/clk?mo=r&ad=-6NYlbfkN0Bfl6rvVts9CK_4AzYyVqtH0uB6SjQjR8ztI6muJ79g4Q9QdMS-FUbOhPH3QwIKaj0GP6eurxTAAJLDgCbN2oMR52vjcIghFYRPhfcXTj7dkjNR5HxmoVdfFq8cweuqZ3HfsmyJigbE6vnlbpv--HnTBRMjx5bcHVdt7tcQ8mEp47BDXmUsV8qZPR8x0OoemADZsaVpDiOstqaeew5GeVFt48BhSSpz2dtM3jRqieo46NHvRt1AsxbjhaMPm4oapN0dNEPA8EOXIA1-PQcB1ZPw6it7R3NvCjNYjH57E4--7XwttinWTj9obzBaVV6abkeP71UmOZvZ6so2SVunbhGxbXkfRj7k8bw965f6X-btF8mRRhToAlRy1N5zQw2MBe1fb6cb7zh1SIUUmR18X-d5BvjBJTfNQK72yHSdzlywQdMN0dunXe2-55CIapJIr0uSwmXH_WvfdvsTSZAsT8zMIsLxY7FUZjqZ84-f-G_dJ6ywWnZU9vIUchiWf6BapvucAVn4gvgsZYxf8CHbQ4IrDoo10qDDcMDQHQ3kyJRtNvQVWX3ZOOMmWmtqqYum071ah9T5rXmNGzgKmPs93M75x205gFZR-ChHq2b2In3x51bQdUjld7WYTSUpH6dZd40JNed0eCG9Wy4Zfnt5wL-vJgXoISJmhvSi3ITgQqUuifY1yv5pIRd3WqZhBfLkjUppAoSSojAGDw==&xkcb=SoAk6_M3pva8y2SJaB0PbzkdCdPP&camk=UoKtGZLa3XKJij4X4dKAfQ==&p=4&fvj=0&vjs=3,"LAN Solutions continues to grow and is looking for the right person to join our dynamic team.

Are you a “go-getter” with 4+ years of IT support? Are you eager to learn the ropes and be a positive influence in a fast-paced, customer service-focused, fun environment?

We are looking for a Senior Service Desk Technician to join our team. The successful candidate will be a key member of the support team responsible for providing advanced technical assistance to clients in our dynamic Managed Service Provider (MSP) environment.

This role requires deep technical knowledge, excellent troubleshooting skills, and the ability to mentor junior technicians while maintaining an elevated level of customer satisfaction.

Key Responsibilities

Technical Support & Incident Management:

Act as an escalation point for Level 1–2 support tickets that require advanced troubleshooting.
Diagnose, resolve, and document complex hardware, software, and network issues across diverse client environments.
Manage incidents and service requests through Connectwise PSA.
Perform root cause analysis and provide long-term solutions to recurring issues.
Participate in after-hours maintenance windows or on-call rotations as required.
Collaborate with other technical teams to ensure seamless service delivery.
Provide technical guidance and mentorship to Service Desk Technicians. Help develop and improve internal documentation, knowledge base articles, and SOPs.
Contribute to continuous improvement of service desk processes and client experience.

Client Systems Administration:

Maintain and support Microsoft 365, Azure AD, and other cloud services.
Administer Windows Server environments, Active Directory, Group Policy, and related infrastructure.
Troubleshoot and maintain networking devices (routers, switches, firewalls, VPNs).
Manage endpoint security, patch management, and backup systems across client sites.

Qualifications & Experience

Required:

4+ years of experience in IT support, with at least 2 years in an MSP or similar multi-client environment.
Strong proficiency with:
Microsoft 365 / Azure / Exchange Online
Windows Server, Active Directory, and Group Policy
Networking fundamentals (TCP/IP, DNS, DHCP, VPNs, VLANs)
Remote monitoring and management (RMM) tools
Excellent customer service, communication, and documentation skills.
Ability to manage multiple priorities in a fast-paced environment.

Preferred:

Relevant certifications such as CompTIA A+/Network+/Security+, Microsoft MCSA/MD-100/MD-101, or equivalent.
Experience with backup solutions (e.g., Datto, Veeam), EDR tools, and ConnectWise.
Familiarity with scripting (PowerShell, Python) or automation tools.

Key Competencies

Possesses strong analytical problem-solving and attention to detail.
Strong sense of ownership, integrity, and accountability.
Excellent time management and organizational skills and responds to issues or tasks with an appropriate level of urgency
Team-oriented mindset with a proactive, service-driven approach.
Professional, punctual, and demonstrates a high level of engagement.

Job Type: Full-time

Benefits:

Company events
Dental care
Employee assistance program
Extended health care
Life insurance
Work from home

Work Location: Hybrid remote in Calgary, AB T2H 0M2"
DGP Research Computing Support Specialist,University of Toronto,https://ca.indeed.com/pagead/clk?mo=r&ad=-6NYlbfkN0BAkTSamuXoMYW5Yaqg0Y5LebZj5zxTxprtemTYA5xEKZsJMfeVhLe18qKDLgMlReDX0Zeet-VjENlhVbf8LKAN6mvZkpZvnBU6m2AYvvPJAoAYaV0xQZCGSLCzkHG9Q5HEG5oMrtxoEuBEdwWrxwcUR6gi2XAlsTZqYFK33kh01JWzV0MoghY7I78HWg5sfq79Txu1rmftUJdGaOUGOGRaol0O3g65JUVb5h6vCqmP1eRvWe7lJrKVrH5I6bgyxQIPm2ujE_uy43yysR4yTPx4R11xJ3SE19IWhniIZolionQPQYoTx5cLEr-ECBvzCrM0G5rc-ct30ApM05VdsEQhaoezJ87xz58Djc1WIk_JIggIe_hxqPl_kF_0_pviIOUdl0_F2pj2kNl3-ZgF1qiN5pQJec-U1JasspxOIwXtql1Alx672fu5j0Mn84khSV8AzUCyFLKrgRANXTW3CdLmqYqMzTJP1JquI__9gkz7zn1v1hwHpZcJydBNoQE6zgcjM_-5S00AKauci_frKDm_O6j2y84rp0kFvLuFLn2KZg7Qchswh9SLvGsSg4SzAGFjCDGiL28Oav-7xLgI4kdPRB5UbeCRZ1CoZu8_c3XBIPHLDSrfJl15Q3VR_qgLGJaJPE7dB4fTw_7QzuEZaiOmYljSaRVBXMqQhITZqHG8oj3I3DGvmnIqEv31q41rMwnYSI7EG0liU_zm8UdB8o_MbPSq5G4YvuAHuoBCA2IFcAmg07iUeAenKbrnhaO8pJtBoJZEfVzkYv9PHX3ZoKce&xkcb=SoCQ6_M3pva8y2SJaB0ObzkdCdPP&camk=UoKtGZLa3XJwuLONnv--Ag==&p=5&fvj=0&vjs=3,"A job description is available upon request

Date Posted: 12/22/2025
Req ID: 46499
Faculty/Division: Faculty of Arts & Science
Department: Dept of Computer Science
Campus: St. George (Downtown Toronto)
Position Number: 00028164
Existing Vacancy: Yes


Description:

About us:

The Faculty of Arts & Science is the heart of Canada’s leading university and one of the most comprehensive and diverse academic divisions in the world. The strength of Arts & Science derives from our combined teaching and research excellence in the humanities, sciences and social sciences across 29 departments, seven colleges and 46 interdisciplinary centres, institutes and programs.

We can only realize our mission with the dedication and excellence of engaged staff and faculty. The diversity of opportunities and perspectives within the Faculty reflect the local and global landscape and the need for curiosity, innovative thinking and collaboration. At Arts & Science, we take pride in our legacy of innovation and discovery that has changed the way we think about the world.



Your opportunity:

The Dynamic Graphics Project (DGP) laboratory is the primary computer graphics, computational imaging, and human-computer interaction research laboratory for the Department of Computer Science. Under the general direction of the DGP Director, the DGP Research Computing Support Specialist incumbent will provide research computing support, computer system administration, network administration and high-level research technical support services directly for specific Computer Science research groups. The incumbent will assume the responsibility of a project leader for highly complex and highly technical IT projects for the research group(s) by providing technical leadership, system expertise, and support to the project. As the project leader, the incumbent will be responsible for monitoring the project from conception to completion. Responsibilities will include addressing timelines, tracking resources, managing tasks, selecting technology, establishing milestones, assigning responsibilities, and monitoring and communicating project status. Moreover, for the research groups served, the incumbent will analyze and troubleshoot highly complex and technical Computer Science IT problems and recommend technical solutions; write, modify, and correct computer software programs and scripts; operate, debug, maintain, repair, modify, test, and document computer systems, networks, equipment, hardware and software; design unique configurations of computers; and plan, evaluate, design, specify, install, implement, and configure new highly complex and technical computer systems, networks, equipment, hardware, and software.

Duties include: operating, analyzing, debugging, maintaining, modifying, upgrading and testing existing DGP Linux, Microsoft Windows, and other computer networks, compute/storage servers, workstations, printers, and software; and planning, evaluating, designing, specifying, installing, implementing, and configuring new systems, workstations, and software as required; operating, analyzing, installing, maintaining, modifying, and testing various specialized equipment in the lab, including but not limited to: multi-camera optical motion capture systems, 2D and 3D laser scanners, video-conferencing equipment, and makerspace equipment (e.g., soldering irons, 3D printers); assisting in evaluating, specifying, installing, implementing, and configuring new equipment as required; monitoring systems for problems, determining required course of action and implementing solutions; coordinating, monitoring and implementing the ordering and tracking of all equipment and supplies in the lab; writing technical documentation as required; supporting and advising DGP lab members in their use of all lab equipment; assisting DGP lab members with technical aspects of their research projects; taking on specific systems and technical administration projects as assigned; and assisting in the general ongoing operation of the lab.

Your responsibilities will include:

Planning and implementing IT systems independently
Analyzing, troubleshooting and testing highly complex systems
Designing, testing, and modifying programming code
Analyzing, recommending and designing internal network solutions to meet client needs
Analyzing business and operational requirements to plan the implementation of new IT systems
Keeping well-informed on current technologies, best practices and industry standards
Leading and planning IT projects
Serving as a resource on specific issues to a group of specialists


Essential Qualifications:

Bachelor’s degree in computer science, computer engineering or related discipline, and/or acceptable equivalent combination of education and experience, including project management courses/experience.
Five (5) years of recent system administration experience in a highly technical and complex heterogeneous IT environment, developing academic computing solutions preferably for a computing academic discipline. At least three of those years must be in a UNIX/Linux system administration role.
Experience analyzing and troubleshooting complex IT & system problems.
Experience writing, modifying, and correcting scripts on Linux/Unix platform(s).
Experience with virtualization, printing, backups, research programming, computational clusters, security, networking, open-source software, databases, email servers, automated operating system installs, fileservers/data storage, and technical documentation.
Demonstrated leadership skills with experience providing project leadership, including technical leadership, system expertise, and support to other technical staff projects.
Experience collaborating on IT purchase recommendations and independently costing IT projects.
Exposure to a research environment; experience with one or more of multi-camera optical motion capture systems, 2D and 3D laser scanners, video-conferencing equipment, and makerspace equipment (e.g., soldering irons, 3D printers); experience in computer security; and experience in integrating MS Windows with Linux and/or UNIX, are all highly desirable
Excellent verbal and written communication and interpersonal skills, with the ability to deal with people in a tactful and effective manner and the ability to communicate with both technical and non-technical people at their own level, explaining possibly complex technical concepts to a wide variety of non-technical users.
Good problem-solving skills, detail-oriented.
Demonstrated aptitude to quickly learn and become proficient with new technical equipment, such as audio-visual equipment, electronics prototyping, and 2D and 3D printing.
Proven ability to provide expert technical resources to others.
Clear and demonstrated ability to design, plan, analyze and improve systems, follow good system administration discipline and practice, and operationalize sustainable processes to meet the goals and mission of the research group(s) served.
Ability to lift/move desktop and server computer equipment.
Ability to work independently, or as part of a team.
Must maintain broad technical knowledge, and be able to adapt as needed in a highly dynamic, research-intensive Computer Science environment.
Significant responsibility and reliability under pressure are required.


To be successful in this role you will be:

Communicator
Insightful
Multi-tasker
Organized
Proactive
Problem solver


This role may be eligible for an Alternative Work Arrangement in accordance with the University of Toronto's Alternative Work Arrangements Guideline.


For internal staff, a copy of the detailed job description is available upon request from the Faculty of Arts and Science HR Office by emailing: adminhr.artsci@utoronto.ca.


Closing Date: 01/12/2026, 11:59PM ET
Employee Group: USW
Appointment Type: Budget - Continuing
Schedule: Full-Time
Pay Scale Group & Hiring Zone:
USW Pay Band 17 - $109,761. with an annual step progression to a maximum of $140,365. Pay scale and job class assignment is subject to determination pursuant to the Job Evaluation/Pay Equity Maintenance Protocol.
Job Category: Information Technology (IT)

Lived Experience Statement
Candidates who are members of Indigenous, Black, racialized and 2SLGBTQ+ communities, persons with disabilities, and other equity deserving groups are encouraged to apply, and their lived experience shall be taken into consideration as applicable to the posted position."
IT Support Technician,VINCOVI Technology Solutions Inc,https://ca.indeed.com/pagead/clk?mo=r&ad=-6NYlbfkN0AlweXeNYtQMJ6Ibk2XcifscxMjdNVgqQqYpbkF2WzUwjMvX8LZQhLpakTIiL4nylRJnxK_CenBihZ1KkCl8cMF9neOE2c7iaHRP6rkqlHB8jeIbC9njzsFG3Du_iqPLVjaxcuHyJbYy0CEwZm0AwvwNJsRR9AXly8Lsy-WTSSHp4iCUQ_AEWtbuMsRAZLblWI3lS9qTwtE3caxt6CJLexKoSuYBunz9YX763yUFsyUVlPGr-68ZM9zyzfBM2eDQk1JrZiOFzG4oH27f9UmPtBIYzP5w1SHaLNMjTNqYVoJc2TQY2sc5l8TJV7eqLbtyhZ5_fGaSk2e1FHoDA5TCU8t5b6_8Nlx2clOtAqWfcXZX6ZGz_7jwbCKMAlPXm_ckUxSJwBALBk_TKD02UmK1oI8r7wSNsmr77g2FxKzXqKF2dH8jC4rabi3yBk4BhUZCC7IZM3DgEPho9UuonW3Q8tQ38IlsOcZAYdtRc29yZqjPjCEQSqPN7ss7Ea61doD5erAFviPfmRW5Y2bjc60iBiwStiA3VtsZph3nl8_naAt3KE9cKyqf0uw-jUxnM-cTmPM1MWbReQPd65_M252iS8BmcBYoSGOx2TYpWa_9o9uLJFhDCJ67QA9llAYob3fkGy6WUhu6UjckhF-l9kCdVQB0NSDGH7-CKLjdHWkdOs15bU3T43NSqcqTxGkhDzKIyY=&xkcb=SoAN6_M3pva8y2SJaB0NbzkdCdPP&camk=UoKtGZLa3XK8MBJG1Go7og==&p=6&fvj=0&vjs=3,"VINCOVI is an IT service company that provides responsive, quality IT solutions in Canada. Our unique model provides our clients with reliable customer service and fast response times for technology issues.

We have an opportunity for an: IT Support Technician.

About the Role

Are you passionate about technology and dedicated to delivering excellent client service? VINCOVI is looking for an IT Support Technician to join our dynamic team. In this role, you'll be responsible for providing top-notch technical support to our clients, resolving a range of issues from desktop to server-level problems, and participating in various IT projects.

Responsibilities:

Provide technical support on-site and remotely, assisting with issues related, but not limited to, desktops, printers, software, and basic network troubleshooting.
Document all work completed using our ticketing system, ensuring accurate and thorough record-keeping.
Assist in the maintenance and support of Windows-based systems and client/server networks.
Monitor backup systems and assist in maintaining logs.
Contribute to the documentation of processes, procedures, and troubleshooting steps, maintaining an organized knowledge base for future reference.
Assist in setting up and configuring computer hardware, including desktops, laptops, printers, and peripherals.
Install and update software applications, ensuring they meet the company's standards and client requirements.
Respond promptly to customer inquiries and technical issues, providing support via phone, email, or in person.

Qualifications:

We are looking for a team player who thrives in a fast-paced, team environment and who takes pride in delivering timely and accurate results.

Our successful candidate will also have:

2+ years' experience in MSP, IT support, or a related field.
Advanced understanding of Microsoft Windows operating systems and networking concepts.
Strong desire to learn and grow in the IT field.
Great problem-solving and troubleshooting skills.
Excellent communication and customer service abilities.
Detail-oriented with the ability to manage multiple tasks.
Experience with ticketing systems and remote support tools is a plus.
Relevant certification or diploma in Information Technology or a related discipline.
Must have a reliable vehicle and a Class 5 driver's license.

How to Apply

Please submit your resume in confidence to careers@vincovi.com. We thank all applicants for their interest; however only those selected for an interview will be contacted.

Job Type: Full-time

Pay: $60,000.00-$80,000.00 per year

Benefits:

Dental care
Extended health care
Life insurance

Work Location: Hybrid remote in Kelowna, BC V1Y 2E1"
Help Desk Specialist,IO Solutions Contact Center,https://ca.indeed.com/pagead/clk?mo=r&ad=-6NYlbfkN0Cs97Z5l-MMMC-kv9TH4fVVzPT9TLm19I7TWZ-2CEzwxnH45G1JO4tZa7m9rlcrVapsH5bzRGUDfH40JFxvxy2Q_t55eylCFSH9zN0Xk7u-WucCMbbwXSWNttq6WgApmO8MWhl31mlWBDM8ucBckoFgyGZo7iYGsT5bdt1q_2UX7bWY9cqb895BJK02R5aiLjWfgZpVv2C6iDG9Z6qMZ8W27fp-l2AZ6b03oFUfrKhjLdOaq2MrJYQJfj_Wd9hAIEFE9lrprpYVDWvIjyi9aDHNkYmHQBgrSyOfQfZdczDH6mShEGl9ol0aRYM-tbJ-QerFpQG2aerzH9FLULIuw2ytq3bAtTMUnFPogAvhUo9adVtk8nRxOTixNYa8cf2VRwZpKvAb6uGsvq-wOOrdgsR63peUGrZVvwjydL7HxaPyIc2RAmbulsf8a5_xlKglBW8i-SHw2C_bkJ28b3GwjGFWqMhaMSzltqB5qiWk-VO7VRylov8X_fDxPZaeF7tJaW4qhSGbXudrb5LCJlb5e4AFyxeae3_TEqDILsFDbkN5Xhgx_41I3OTvqFERBkAYKx4vDPdiUHdBzMitv-V2936rfajByrA0ti2mCiwBoCG6HIadCiBlL5zmlZAiUeVXsCe42qAjcniLT3yMXCoxDVlsd17r9Oqc1KmSYpp88aelrbDoz4p_mzKp&xkcb=SoC56_M3pva8y2SJaB0MbzkdCdPP&camk=CPChkbYSGj9seIedzlV5pQ==&p=7&fvj=0&vjs=3,"DESCRIPTION

IO Solutions is looking for a Helpdesk Specialist to work on-site at our Montreal office. The person will work closely with the IT team to ensure the proper operation, maintenance, and optimization of the organization’s infrastructure, including the management of computer equipment being returned by or shipped to, new employees, The Helpdesk Specialist must be able to receive, prioritize, document actions taken and actively resolve requests.

WHAT WE OFFER

A dynamic and welcoming work environment
100% reimbursement of public transportation fees (bus, metro, commuter train)
Employment stability
A multicultural team that makes you feel stimulated and appreciated
A real opportunity to build a rewarding career through our Advancement Program

QUALIFICATIONS

A diploma or degree in computer science, engineering, networking, infrastructure, or a related field or equivalent work experience.
1-2 years of experience in a helpdesk/desktop support or similar role.
Strong knowledge of Windows operating systems.
Experience with Active Directory, group policies, and user account management.
Familiarity with remote desktop tools and support software.
Ability to multitask in a fast-paced space.
Excellent problem-solving and analytical skills.
Strong communication and interpersonal skills.
Professional telephone/email talent and etiquette.
Ability to work independently and as part of a team.
Must be flexible concerning working hours & business needs.
Relevant certifications such as CompTIA A+, Network+, or Microsoft Certified Desktop Support Technician (MCDST) are a plus.
Bilingual French knowledge is an asset.

RESPONSIBILITIES

Provide timely first and second-level technical support for desktop hardware, software, and peripherals within predefined SLA’s.
Serve as the first point of contact for employees seeking technical assistance
End-End computer asset management, including the preparation, and shipping of computers and peripherals for both onsite and work-from-home users.
Maintain inventory of all peripherals, software installations and licenses
License and access management for corporate applications and services and audit when requested
Install, configure, and maintain operating systems, software applications, and system updates.
Perform root cause analysis to identify recurring technical problems and develop solutions.
Assist with network issues, including LAN/WAN, Wi-Fi, and VPN.
Collaborate and participate with IT team members on projects, upgrades, and implementations.
Maintain accurate records of issue resolution using the company's ticketing system.
Provide remote support and troubleshooting for users working from home or onsite.
Ensure compliance with IT policies, security protocols, and best practices.
Perform routine maintenance and inspections to ensure optimal performance of equipment.
Perform any other related tasks.

Job Types: Full-time, Permanent

Work Location: In person"
"Technicien, Vitre d'auto N1",Belron Canada,https://ca.indeed.com/pagead/clk?mo=r&ad=-6NYlbfkN0CfEnU7Ftzya3wrmsQDH4uFcdJ8dqVdleeklUBpxHSzkSnLXk4VcAwd9lK1jtnuGMn9EL6KMlbw1NlP5aTijj3I6_WG4SywhqhoTuK8iQsioT6Hvgw_wxlvDJ1De5psNLSO4jluQmh7irbAB8PjMFNG7-OAFNlL3i_-AY_vQPgcLriWHB68C3Nd4yobdDX-qv0zf370qLYOirCzBtdXu2JOS60IWEsAWxXM8aNOUQtbQvEb_REO9a7FK64NrFm_ZQ_qTVJHMfF0N40XR41Re4s4HwrIhCO-3Z32jYLWhGaCSZjIijiaFhwKzz1Pcs7pRf-XRD6MZLNBu4B3XIQLMi_YIseWQ-IDMXr1vkGgBbMKjz644d6RptxE7MeSm0DUT_U8dK7ftY-UFS0nZjU0f1t4_Rq4Kc6mXyG6Y2MQiVIri3w06QgTmjheBDG5J2f7uA8dhO05naYSAS9fr2xyi3zbDweMh_ts1vDenRqxWMk3WZhMJczcp8m7u4DRyS1uufej4jg8dtmdFmAzVuDj9SZA2NQodALLR0C6oZOgDnGRBDR75xDLYJVpezEeOjYg26-DZwGSnoirJKOBTThBkEa3FWkK_GSmrFMu_Jx5aMd986HiQg_O2fwZjS385MNLEl1EvJwxWh2d5XBYpoasBAkhAqE4-gvoGVV6dw9tS9MqeUn_XeQ-gIYocMTFgsJj_FPoAmZGGGj265QHLTG2XpjrCc7nh2GADtzTQy273jB2rYb377NrQjCoPxBTmoPIw30CsRNVhE0t8CkFVmjpT80phRt-KqG7MAkSvCfqDxUi5uq9E8mGPhm5gL6o9DPtoGk=&xkcb=SoBQ6_M3pva8y2SJaB0DbzkdCdPP&camk=f416UQcMBpC7a9UTfq43fQ==&p=8&fvj=0&vjs=3,"La technologie de la vitre d'automobile contribue à transformer notre façon de vivre la route. Chez Belron Canada, la maison mère de Speedy Glass, Lebeau vitres d'auto et Vanfax nous prenons cela au sérieux, et c'est pourquoi nous investissons sans relâche pour permettre à nos employé.e.s de réaliser leur plein potentiel.
Belron Canada est fière d’offrir un milieu de travail où la diversité, l’équité et l’inclusion sont au cœur de nos valeurs communes.
-
PRÊT.E À DÉCOUVRIR LE MEILLEUR DE VOUS-MÊME POUR PROPULSER VOTRE CARRIÈRE?
Vous souhaitez avoir une carrière passionnante et valorisante comme Technicien.ne en vitre automobile et qui vous propose un environnement de travail et des outils à la fine pointe de la technologie? Nous voulons vous connaître! Nous sommes fiers d’offrir un milieu de travail où la diversité, l’inclusion et le respect sont des valeurs fondamentales et où chaque membre de notre équipe partage une vision commune. Cette fierté et cet esprit d’équipe se traduisent chaque jour par une expérience authentique avec nos clients.
Ce que nous avons à vous offrir
Une formation complète sur l’utilisation des meilleurs outils de l’industrie, par une équipe expérimentée qui révélera le meilleur de vous-même;
Des conditions salariales attrayantes (taux horaire compétitif, paie hebdomadaire, révision annuelle, etc.);
Un équilibre entre le travail et la vie personnelle, avec un horaire variant entre 35 et 40 heures par semaine (sans changement d’horaire imprévu, heures supplémentaires, ni travail de soir ou de week-end, sous réserve de modifications en fonction des besoins de l'entreprise);
Des avantages uniques tels que : uniforme professionnel, bottes de travail, prescription pour des lunettes de sécurité, rabais employés sur des outils, produits et services;
Des avantages sociaux dès votre premier jour de travail (Assurance groupe) et l’adhésion à un fonds de pension après 3 mois de service;
Un poste au sein d’une organisation qui s’investit auprès de ses employés en offrant de la formation continue, l’acquisition de nouvelles compétences et des possibilités de carrière;
Et plus encore
(
vérifiez par vous-même
)!
Quelle sera votre contribution
Vous jouerez un rôle clé dans l’expérience client en réparant et remplaçant des pare-brise avec les meilleures technologies de l’industrie;
Vous procéderez à la recalibration des caméras des systèmes avancés d’aide à la conduite (SAAC/ADAS);
Vous offrirez en tout temps un haut niveau de professionnalisme;
Vous apporterez une attention importante aux détails afin d’offrir une valeur ajoutée à votre service;
Vous entretiendrez d’excellentes relations avec vos clients et vos collègues.
Ce dont vous avez besoin
Être motivé.e et avoir le désir d’apprendre;
Être en mesure de soulever une charge de 22,7 kg (50 lb) au besoin;
Avoir un permis de conduire de classe 5 valide (ou classe G en dehors du Québec);
Être ouvert.e à travailler dans différents centres de services près de chez vous.
Pourquoi Belron Canada fera ressortir votre meilleur :
Nous sommes des individus uniques et passionnés.
Oubliez les horaires imprévisibles et les longues heures. Nous avons une vie et savons que vous en avez une aussi.
Notre programme complet d'avantages sociaux commence dès votre premier jour d'emploi, puis vous pourrez bénéficier de notre fonds de pension après 3 mois de service continu.
Nous sommes une organisation en pleine croissance où les opportunités d'avancement, de formation et de développement des compétences se présentent toujours.
-
Nous croyons qu'une attention sincère peut faire une réelle différence dans l'expérience du client, et cela commence par faire une différence dans la carrière des membres de notre équipe.
Belron Canada possède 325 centres de service, 2 centres de distribution, 27 entrepôts et plus de 1 200 employé.e.s à travers nos 10 provinces Canadiennes.
L'entreprise exploite plusieurs marques de commerce bien connues, notamment Lebeau Vitres d'autos, Speedy Glass, Apple Auto Glass, DURO vitres d'autos, Vanfax et Belron Canada (la maison mère).
Belron Canada est membre de Belron International, le chef de file mondial en matière de réparation et de remplacement de vitres automobiles et de recalibrage des caméras frontales des systèmes avancés d'aide à la conduite (SAAC) dans 29 pays à travers 6 continents.
Notre poursuite de l'excellence nous engage à fournir des soins durables de classe mondiale pour nos communautés et le climat.
Si vous accordez à votre carrière la même valeur que nous accordons à nos employé.e.s et à nos client.e.s, il n'y a pas de meilleur moment pour vous joindre à Belron Canada et faire preuve d'excellence avec nous !"
Senior Systems Support Analyst (2025-8668),Grand & Toy,https://ca.indeed.com/pagead/clk?mo=r&ad=-6NYlbfkN0AzZUxJgggW8KeR5djcuARasHPrK4vVqLd5DkXuyPnQ0WXRKjg_kZXCCpChckPB9-FMrfuGGi9D2kvwpccEl_EPfTjvfkWPuG8N2UbUMxxQEwPIkA-u6kjffLm6sVrhcWHYlrDxgyX2fYx7h9fDWaqnH2NmCFXuT-4ySswaysE7i_RPk4jwInTOpk3fIWfodY1UtZ1iUaOatXYzPvlHRmPz8jK1Ml2M5377m8TEppRQhe6W95TA3gt56nIN3Qy6huE7P3Xsqxbd2tThogiPdUTkvkjjIzSNRhC8PT_pxxIPpNI6Cf7jZbihEARP6FfgotjTHEdusejgsnZrQ5x3GxnJ1H36x29d6TB_M5TvUVJkJBgBjhbUWlXpZY7-Ir28epNy71K2PFvgJvGttU7074F5-B_tEtGItt5Ssfkfyn3spYwDRs7Sy1Eg6F_ONrTQVpUTDjEVyWZCY3nKCxyt-S4IJKOevAIEfwop9Awkr7V8KdLjgSzyYO9z_F9icTkr_ZdC7qc2t_8gc41MBWEuE_YAfDO8rDM7TMT0qbT4ARrzBBKqzIJ70CjWaEkJKjn3h_xXTfXlt4iVgQl6IrCiJVDK1qqog_u2LuXHmTzsXQ7_6lAppejvoOMpQ4yzZstLNk5ifzi4OTzR7BwISM33PrE0-CISDZoskK-qqkKNr__udxQe_myDvbzfgGAs2XmU4QmyQl4BuNUZ2CBiJrATPvOhi9n_iva_GcYFwUIYWZKC6vBOHHS7DCePdxecaehYiDA=&xkcb=SoDk6_M3pva8y2SJaB0CbzkdCdPP&camk=RSSA_MCsIHUoCw-hSG-mZA==&p=9&fvj=0&vjs=3,"Who is Grand & Toy
For over 140 years, Grand & Toy has been a trailblazer in helping Canadian businesses adapt, grow, and thrive. We're a passionate, diverse team dedicated to driving positive change for our customers, partners, and each other. As the business world evolves, so do we, embracing innovation, setting new standards, and creating opportunities for our associates to learn, grow, and make a real impact. Join Grand & Toy and be part of a legacy that's shaping the future of work in Canada!


The IT team at Grand & Toy provides an agile, customer-centric, innovative, and exciting place to work for professionals who want to make a difference, challenge the norm, develop themselves, and enable transformation.


About the Role
Do you have a passion for optimizing processes and supporting technology that drives a business forward? Grand & Toy is looking for an energetic, technically strong, purpose-driven IT Operations Analyst. This role is critical in ensuring the efficiency, effectiveness, and scalability of our daily IT operations, supporting resilience and continuous operation of IT services.


As an IT Operations – Sr. Analyst, you’ll be a senior technical contributor, skilled at picking up new technologies, solving problems, and providing stellar service delivery in a dynamic environment. You will participate in ensuring high-quality, end-to-end IT services and systems.


Candidates should have 4-7 years of experience in enterprise end user support, senior IT operations, or related technical roles.


This role will report directly to the Manager, Infrastructure + Operations.



An Overview of the Role
Operational Management
Support IT services at corporate headquarters, satellite offices, warehouses, and data centers located across Canada.
Implement and follow IT Service Management best practices and ITIL procedures.
Identify and recommend opportunities for productivity and service enhancements.
Ensure prompt, accurate communication for all incidents and service requests.
Collaborate closely with other IT sub-teams to maintain service continuity.
Maintain accurate licensing, inventory, and maintenance contract records.
Assist with budgeting for new hardware and software purchases.
Support the Service Desk to ensure it serves as the effective first point of contact for users needing technical guidance or assistance.


Customer/Employee Experience & Issue Resolution
Serve as an escalation point for complex technical issues within the IT Operations team.
Work with other departments to resolve IT Support process gaps.
Ensure effective resolution of service issues in line with IT governance standards.


Reporting
Create IT Support reports and dashboards focused on analysis and trend identification.
Regularly analyze SLA, CSAT, and KPI metrics to identify and drive improvements.
Develop productivity and operational performance reports.


What You’ll Need


Required Skills and Experience
Cross-Domain Services: Experience supporting cross-domain IT services.
ITIL Certification: ITIL v3 Foundations certification is highly regarded.
Deskside & Remote Support: Demonstrated expertise in IT Support operations, desk side, and remote support.
Incident Resolution: Experience as a point of escalation with strong problem-solving capabilities.
Onboarding Processes: Knowledge of user onboarding/offboarding processes.
Communication Skills: Proven ability to communicate effectively both verbally and in writing.


Required Technical Knowledge
Incident Management: Experience managing incidents and service requests across corporate infrastructure and endpoints.
Service Management: Proficient with enterprise IT Service Management solutions (e.g., Jira).
Active Directory: Skilled in Active Directory administration (ADUC, GPOs).
Microsoft Applications: Proficient with Microsoft Office Suite, M365, Teams.
Device Management: Effective management of a multi-device environment (Windows, iOS, Android).
Tools: Experience with end user, endpoint deployment and software distribution (MDT, SyxSense, PDQ, RDP, MFA, SSO)
Monitoring Tools: Knowledge of network and application monitoring tools (SolarWinds, Trend Micro).
AV Technologies: Experience with managing Audio Visual technologies (Polycom, Barco)
MDM Platforms: Skilled in administering MDM solutions (SOTI, Intune).
Telecommunication Services: Support for telecommunications services (MPLS, ISPs).
Governance Programs: Knowledge of governance programs like PCI/SOX.


Where You'll Work
This role is based in Vaughan, Ontario, and is office-based at least four days per week. Tuesdays and Thursdays are mandatory in-office days.


What Grand & Toy Offers
To earn a competitive salary starting at $55,000 - 65,000
Comprehensive benefits package and pension program
Opportunities for professional development and advancement
To grow within a proudly Canadian company that values its associates and promotes from within


Ready to Make an Impact?
If you’re ambitious, hands-on, and eager to see the results of your work in action, you’ll fit right in at Grand & Toy. Join us and help shape the future of workplace technology, while building a rewarding career in IT.


Apply now and take the first step toward making a real difference!


We celebrate employment equity and diversity. We are committed to providing accommodations for persons with disabilities. If you require accommodation, we will work with you to meet your needs."
Systems Administrator,Thyssen Mining Construction of Canada,https://ca.indeed.com/pagead/clk?mo=r&ad=-6NYlbfkN0BvXO03StaMgJs-_xhTH9z1ZffhE8-BEtVdFYeurJBeIcscyf7xQtQGcTfCEJP9kF_8J0FOdM9ehTj43-PiQnWktZ1iBkA-DKGMq4cX24LHqelEyKCB9SIkH6Z0pw77E1B95lzauD-jBYm2x35IXmyWDnLz6jCFXYmvc72WO-RaG1b06V2LGV5tNiFaA71qhwdMcYt4vJLRyYrTiNLpMUyGmknPHfnMSC7_0zrugiSz3KTynZZO9f0BDN493O_OCF247TAF9MbNIbPrDI-aqkLM5myqbWzX23rca4fZJTJm44o1qeF2fQhWbDo-ynkW_eJhxihMwWGyEisVVkTZI889o7Kk4Z1c193uR85RzZ2R8-jk5CtIjntZR5TrUXqzj54MsdSwMSj8PMASsH6yEGav_GLs_l-SdpCAYvpcxZoG8gw6gDDjwwdWPtx644i2wzYQ7ezZjgKqEj3TYdNfK7eC6HTmYHRzgtT3pJASguOr84Z_Madur8avD6Y6EzUI_-HhIWtjc0Y61TnzXahUCHchHb9PO8YaPkkWPqohCmvGgfa819_1Pz-DqhpWy1OX0gdEHRAF0NUYhh7zLeaRfr9aNyG59iKdkpU9_t2bdip57jaxy6A3CEAtv3ZkP1S1t9WifOAus6ubJzxB0qLMqVPEwc4GDSlqrTFej479Qjl4fTR0dkgCp4TLgGg8xhYr8rMkDerz5BYFI64NSD48PQ7cBkHfL6CgzRTarMq-hWf_kaVDjVcF0q0wzhkFwvrsCVa0nySwmwWY7TuJfN61KqlDzvFXlFYKxs0qlyV-ZuHviBE0mAks7iZQrbgRGs5NHCAfCTU6sv4GqEaYOIcC0fxDV6UK7wMfb_yAQ0lXv31dXzWSwvOifnBXrsV9WhLNvhfUIkAuRjJrvdq9jPESaxVS&xkcb=SoB56_M3pva8y2SJaB0BbzkdCdPP&camk=ethIe0s0hed_nfuco50_fg==&p=10&fvj=0&vjs=3,"Thyssen Mining provides a unique opportunity to work for a dynamic and growing contracting company that specializes in building underground mines for our clients. We specialize in executing mining projects in North America and internationally and are part of a global contracting group. With offices in Saskatchewan and Ontario, Thyssen Mining is a leader in the underground mine engineering and construction industry with expertise in all aspects of underground mining including shaft sinking, mine development, mine production, and underground construction. Our work also extends into the underground civil tunnelling construction sector.

We are currently seeking an energetic and detail-oriented individual to join our small, flexible team of IT professionals in the position of Systems Administrator, working out of our office in Regina, SK.

The ideal candidate will be energetic and maintain a positive attitude as they work alongside other IT personnel in providing timely resolutions to issues involving IT operations, mobile devices, networks, and other IT systems. Alongside these day-to-day support operations, we want someone who has a strong technical background, can learn on their feet, and can fluidly pivot from project to project.

Key Responsibilities:

Support and maintain legacy IT infrastructure
Lead implementation of new IT solutions
Work with hardware, server infrastructure, and business software systems
Provide day-to-day IT support (mobile devices, networks, systems)
Administer, design, replace, and upgrade IT systems
Mix of on-prem and cloud technologies (Microsoft, Active Directory, Office 365, Virtualization)

Required Skills & Attributes:

Strong technical background and ability to learn quickly
Customer service focus
Excellent English communication (verbal and written)
Documentation of processes and procedures
Adaptability to changing work environments
Time management and ability to work independently
Willingness to provide occasional after-hours support

Travel Requirements:

Valid driver’s license and passport
Willing and able to travel to remote mine sites in Canada and the USA
Must comply with international travel regulations

Qualifications:

Mandatory: 5+ years of IT experience
Mandatory: Post-secondary education (degree, diploma, or IT certifications)

Compensation:

Competitive salary
Benefits: Medical insurance, RRSP plan, life insurance

Please apply with your resume and cover letter to careers@thyssenmining.com. Please indicate “Systems Administrator” in the subject line.

We thank all applicants for their interest. However, only those being considered will be contacted for an interview."
Jr. Software Support (Vancouver Island residents ONLY),Plexxis Software,https://ca.indeed.com/pagead/clk?mo=r&ad=-6NYlbfkN0CLgtitGa4XD1_iKFWt0ZhvVUt6t9NWJBvl96UZE8WHAhODafkVgCv5EXGoc3thiTumV6S3NUPuOswPXa4rEtJAMbrGxICxK9qm5p9tO64su0EQRtcEJbSKHsouB2qjd61I7SY6jTPxhhGc9py5GBi7v0rP1300PDheglqFoJ-a63Ybdk4llnEPmtOCRqzrDiQFuvNUFR4iLSEchK_pz_4jGWj7kMFohU0NFjujnmeNitxjrQNVRw9--p_wWRGM09bLhiOWl9voua-w386awDOKYUmhdhfcTJV3FxIwv3E48OqfKY3Fp3Y69cckFklh2sZ6f2e_DCZ-N-c26QMELSW0yxDeDcgUSe73jrqTn9z4OSC2huwVERrVPtkqf8WKxUJg4VWdg98TlK_TBSQhDuwnzR_fAvdsJfU3NqTs9yKb8prqjP2n4i9FjXYHaGxciounD8sUgafftsjIDBz0wya3fBwqXMJ6UN1vkUAbF16LSqLwtyy5K0mnbRu_oBzdY94z5De0GuELE2ljxdthqkoOwBFfsHjYUuntRiyKEI2yq6oqv0HLhYHBzsERysCaxA8AYsM8K5eSmrzEZnIE6NyOTMuPBtDEZ0VHJAB14CcEdZAQ_Vgq1lAnU9tByyFjdS_YjFeGkPlfszvrRrtIgw8rmjGVKsPdwpaCZV88lrzXNNHVrULXbb9wNquKOGP2iz8mRNbGMOWTGOY1kPwTU9FBed6bU8LWXRlCqaQhJKKrOgWGXQLA7mon&xkcb=SoDN6_M3pva8y2SJaB0AbzkdCdPP&camk=f416UQcMBpCy6mAMcM5j2A==&p=11&fvj=0&vjs=3,"All successful candidates are required to reside within commuting distance of our Langford/Victoria office location.

Plexxis does not offer remote work opportunities.

Salary Range: $62,500 - $82,500




Purpose:

A professional customer facing position, the Support Specialist is accountable for resolving customer software-related questions in a timely, efficient and friendly manner. This position has a significant impact on customer satisfaction and contributes to the overall experience and value that each customer realizes through the use of Plexxis solutions.

Shift start times may vary depending on company needs/requirements

Duties & Responsibilities:

Learn and be conversant in all aspects of the Plexxis Enterprise Resource Planning (ERP) system
Be proactive in recognizing and efficiently resolving issues
As required, diagnose and trouble-shoot issues post implementation software questions & issues
Log all Service Desk issues
Identify and escalate situations requiring urgent attention
Successfully interact with customers - offering support, training and presentations
Proactively reach out to customers for provision of support via telephone and email
As “voice-of-the-customer”, communicate customer recommendations and concerns to the Project Manager & Account Manager Team leaders and the Programming Coordinator

Knowledge & Experience:

Good Microsoft Office skills
Strong communication skills
Good organizational and time management skills
Strong problem-solving skills
Strong interpersonal skills
Eligible to work in Canada

Other Skills & Qualifications: (are a plus but not required)

Customer Care Experience
General accounting principles
College or university degree in one of the following: Business, accounting
Experience preferred but not required:
Estimating, construction estimating software, digital takeoff / computer screen takeoff, project management, construction management software, construction accounting software and financial reporting for the wall and ceiling industry

What's it like working at Plexxis?

The dress is casual, but our commitment to quality is not. At Plexxis, the working environment is a social one - built on mutual respect and collaboration. We are a team of extremely hard-working individuals who have a steadfast dedication to delivering amazing results to our clients. As such, we make it a point to provide each of our employees with the tools needed to do their job well, including:

Competitive Salary
Benefits
Company gym
A games room
A commercial themed theatre
Large, fully functional kitchen, dining area, BBQ and outdoor patio including lake views
Access to local walking trails, parks and beaches
Paid after hours

Our team genuinely appreciates each other and there is an authentic camaraderie and support network.

About Plexxis Software:

The Plexxis Drywall Enterprise Resource Planning (ERP) software maximizes the profit and efficiency of wall & ceiling contractors through expert consulting and a drywall estimating software that unites digital takeoff, costing, construction management, mobile applications and accounting solutions into a single, sophisticated - yet simple system.

Since 1999, our sole focus has been dedicated to the wall and ceiling trade – a focus that has brought together an extraordinary wealth of knowledge, experience and expertise. From technology engineers, trainers and consultants, we have assembled the “right” people, the “right” product and the “right” service to deliver solutions unmatched in quality and customer focus.

Are you the perfect fit? Do you wish to;

Work with a small, tight-knit group of hard-working, dedicated and fun individuals
Enjoy the atmosphere of a rapidly growing, high energy company with an entrepreneurial spirit
Be on the winning team - poised to emerge as the global leader
Be challenged in the workspace, in the fitness room or even the billiards Café
Lose the stuffy environment (and politics) of “big corporate” and focus on delivering what the competition calls “impossible”

Growth. Learning. Opportunity."
ERP & IT Specialist (Langley/Chilliwack),Delta Water Products,https://ca.indeed.com/pagead/clk?mo=r&ad=-6NYlbfkN0AJiFDiCk4Y9X19t0K062QIbuUPgHmpr_F8umCTQwQszOgbG-J0oee15Mi13rfWde6k2kW9VQrLgnFyWbqLMPlteVGjhVAZE8EACN3JmEnZZifHsQsN-ZiUVKECYgcIQ0t_In8I7m1oVEChU3BM2IeuwkK-sGVglUsEnnL66MkqtUijHhvelsotwBR8AMgtPdPoE1bJZlG_sBCi3Xqbc-cinocqaDEU3lmRK_vCC1iBHBT1EmgMxJNYGzJ-phL__aWL4skLJl09EK366_L6x1jCn0TbZLX6DGg-0wfZTTephUdRVXxJhfBkhjeuedohYAu-d_PkVVpJO-kqEMTy_SSfw9WbNYRx2rBFdeiKbU0u97M-MdEl3FpN-V16Ybsb8HeMp8xifoqpsdvoUN1dylyUdw1hgbRJdASNoDtIqhToRxGhULkR7H3O0r2blk-eAafmJICLfoa0-KPOJFFdfQCxY_On1YdW24xK4r1deD0zvH5v8J9IkSHcAyNzQT-x1g3Gy2NwC0Yk07JDrIyYbOEFz-IfiR1b7BPN10T9ywO2KnF537Tk1sI6nIzhVCeMpiICNsMsG_4mnkkemRcXmUWLgBoYY_g9WGYgWixuJ3KFwyDBIdNSwbV1Pj8jDgxECaVWqfHOcv6cJQ4DJQzEi2t2jKmMmrhhn6rHe_U5ujL2bJNsO-jCIYSisu0BhedTG4l4_V3q15A7K31nihra_ct-&xkcb=SoBD6_M3pva8y2SJaB0HbzkdCdPP&camk=UoKtGZLa3XIbqIp32CnuYw==&p=12&fvj=0&vjs=3,"Who We Are

Delta Water Products has been in business for over 45 years and is a leader in the water, irrigation and pump and motor industry. We are everything water!

Our growth has been rapidly expanding, in the past two years we have more than tripled our staff size and completed 5 acquisitions!

We have a combined 15 branches located throughout BC, Alberta, Saskatchewan, and Lynden, WA. We are customer focused and are proud of our long-lasting relationships – we truly care about the products and services we provide.

Why Work for Delta

Our culture is defined by the foundations that we build with respect, trust, supporting each other and their families, and giving back to our community.

We offer a competitive salary and benefits package with opportunities for growth and advancement within the company. We are passionate about providing our team with the best management and training support available while ensuring a dynamic team atmosphere. If you have GRIT, then we want to hear from you!

Who We are Looking For

We are seeking an experienced ERP Specialist to join our dynamic team. The ideal candidate will have a strong background in ERP systems, with experience in managing multiple product lines to help optimize our business processes, improve operational efficiency, and drive digital transformation. This individual will also possess a strong background in IT support.

Key Responsibilities

Reporting to the Management and Finance Team, the ERP Specialist will be the go-to person for all aspects of Microsoft Dynamics D365 Business Central for the entire Delta Group team.

Oversee the configuration, and maintenance of our Microsoft Dynamics D365 Business Central ERP system
Collaborate with cross-functional teams to understand business requirements and translate them into ERP solutions.
Provide timely, expert support and troubleshooting for ERP users, ensuring smooth operations.
Conduct system updates, audits, and improvements, ensuring alignment with industry best practices.
Analyze and optimize business processes within the ERP system, identifying areas for efficiency gains and cost savings.
Develop and deliver training to staff on ERP functionalities and workflows.
Work with external vendors and consultants as necessary to customize the ERP system.
Develop and maintain reports to ensure data visibility and improve efficiency.
Ensure ERP system security, data integrity, and compliance with relevant regulations.
Provide technical support to staff for hardware, software and network issues.
Maintain documentation of IT systems and processes

What You Offer

Bachelor’s degree in information technology, or related field with certification in MB-800
Familiarity with Power Platform tools (Power Automate, Power BI) to develop or assist in developing workflows and support the creation of data warehouses for building dashboards.
Proven experience as an ERP Specialist, with expertise in Microsoft Dynamics D365 Business Central.
Solid understanding of managing multiple product lines with different price groups and discount levels.
Experience in data analysis, system configuration, and troubleshooting within ERP platforms. Awareness of API integration and extending ERP functionality with custom extensions using Microsoft tools.
Excellent communication, problem-solving, and interpersonal skills.
Strong analytical skills to evaluate system performance and recommend both functional and technical improvements.
Ability to work independently and as part of a collaborative team.
Strong project management skills and attention to detail.

Good To Have

Basic understanding of SQL queries and data migration tools for troubleshooting and ensuring smooth data transitions.

Job Types: Full-time, Permanent

Pay: $65,000.00-$80,000.00 per year

Benefits:

Dental care
Extended health care
Paid time off

Application question(s):

Are you legally entitled to work in Canada?

Work Location: In person"
Desktop Support Specialists,Compugen Inc,https://ca.indeed.com/pagead/clk?mo=r&ad=-6NYlbfkN0DR4GiK6CUKhkGG-NaBlbw_pIURb9Jhix8hN__aZXgF68yK75Ij4T_ewKNygg4XR0eWR0pErVh4PTg7799idMz05G6jhBnFfDJ3Ei-He4lHzWXjjEvSJu2XlLP8hBDRUxKRt9RmGFmGr1Y4kbG62sGyq8wRz37zO9inZgc-YvA5Cu6YTc0_IKcI-NZEVtCVWOMIT_0jb-s_690OzcDzCDEjlstiKuUOANLB_9FT6Pbl4FMPnCoCAc-yfOSkBFmeKsoHT_uW6cXOmi14ITr3wz4rZSoogqeN75vnry7Tlwi3Qh_cWblfkPVmST5ao6N9CV68qCCIjc-7UAamU9vNa-fUrDff6Kd3lmPZW7HQlHcUpMtAGJj_juZ-GwI7JQ9AcfcDePImpQOmUXh0r_AJWLmDTvYdIxXRUBYgMmrURq-5VDoKVjSgl1ndRIy11igO3EU3DcFZlByQdI3iY2HzS3EZEaFn0W3-h-_bp3_0tMYCXOO3j1ybJqkmKz2lw-gDRY5rg9HoreNaPpwCqxZMtHU6mRXWhm8h_jlqKTWNmWz4f7KYdWL6TR-qRrwYiq97Wz6vVSpLULvJqRofY8hw7FO6UMLKJfwYqtbyV5OoxakrCvsykC4pld59td99DtrDcE4jaCy1zA2L68fBGqnv-vhkJONrx1nCqmHXa38Q2kD_tGbtPieWPnUygO4yz8EPpKqhASasc2Mea6wOh8gd4cpxt4CesQHoLB8=&xkcb=SoD36_M3pva8y2SJaB0GbzkdCdPP&camk=f416UQcMBpDFB8dofYKxiA==&p=13&fvj=0&vjs=3,"Job Title

Desktop Support Specialists



Vacancy No

VN8718



Company Name

Compugen Inc



Work Location

Any location in Québec



Pay Range / Rémunération

To be discussed during the recruitment process



Pipeline Posting

No



Job Details






About Compugen
Compugen is Canada's largest privately-owned Technology Ally. To innovate industries, transform businesses, connect communities, and drive meaningful change, we must think bigger, reach broader, and act bolder. Through knowledge, curiosity, and collaboration, Compugen helps organizations delivering experience by design. This is what it means to be human-centered and technology-enabled.

Dreaming, designing, and delivering isn't just a mantra for us — it's a way of life. We believe that technology is the conduit, but our people – they are the connection that truly makes the magic happen!

Our Culture
We are a human-centered culture where we prioritize your well-being and are invested in helping you reach your fullest potential. We're not only focused on achieving our goals — we're dedicated to helping you achieve yours.

If you're relentlessly curious, driven to make a difference, and collaborative at the core, then you belong with us.

Position Overview:
Migration from HP systems(Norboard) to IBM laptops(WF)

Contract Duration : 6 months
Worksite: On-site, Quebec
Language Requirement: Bilingual (English & French)
Skills & Qualifications:
Desktop support experience
Familiarity with Active Directory (AD), Microsoft Intune, Windows Autopilot
Experience managing 150–250 laptops/desktops per site, 20–30 printers, and handheld scanners

Equity Statement
At Compugen, we are committed to diversity, equity and inclusion. We actively recruit from all groups, including women, Indigenous people, persons with disabilities and members of visible minorities. We recognize the importance of removing barriers to participation and provide accommodation upon request to all applicants throughout the recruitment process. If you require an accommodation, our People & Culture representative will work with you to meet your needs in a confidential and respectful manner. We believe everyone deserves a seat at the table-and we are taking deliberate action to make this a reality.

#ITR"
Technicien support audivisuel,Compugen Inc,https://ca.indeed.com/pagead/clk?mo=r&ad=-6NYlbfkN0DR4GiK6CUKhkGG-NaBlbw_pIURb9Jhix8hN__aZXgF68yK75Ij4T_ewKNygg4XR0eZClYuDE3WP3TOFNPJA5Bf-7anioYRfZ7nkMJxRdQpjyuzeUYqWESMdWDQoEBatbOa3goASEy6nAC8GTzja6OR-8Q7EXJEmlJddlwiia6vVGJDuseHprZHMfF33OSVygosv-pU37VkOdfAknU6NZTNW0OcNfS3_C8ZZzTlMnEHmqAVCmFu1CjFFpJ1JnOSAb4Ula4vAVfPBunSTGrGPO7zDDEmZF4sVOIkeiTOYWEEqYyvxrCOosWdDbSp_BUdmCeaRcukTz8rj5I81aigUUC6W1moUR8SZHs5y9Sgt_94xWc1dKyANUo5exdGYpm6emdgY6L0FF0z3xU7ORQ2CawWOx4pmb2-t-8-q6rcbZBeRM58SJl4XVMUYSSBxbW-KGOa3MW-mfsiDBpyJJHoKTASgbE0ZbPw-zc_SV8IN7FwwjodMzWUiBgpVE-nwYOM5h1_hXY6u6ZAXgHoncuQr_HAYfPYxt8ltrflBOcHPcO_hIY-8_d01oorYdwf8MIi24bEFbNt27zohnTUeVLXk7yNlOWTOUMyRrKXWk5_iM1RwuWgMHURbMVZLNF11otT2HAQ8b7pb3W1HFBndQ02KGRxwvicO1WXqguTwnQkG_p4xY0tDe0z2o6HCSFKpJCEBDIay_GJcnoKKkPezmYWbXVXYTK_306a9xw=&xkcb=SoBq6_M3pva8y2SJaB0FbzkdCdPP&camk=f416UQcMBpDFB8dofYKxiA==&p=14&fvj=0&vjs=3,"Job Title

Technicien support audivisuel



Vacancy No

VN8951



Company Name

Compugen Inc



Work Location

Any location in Québec



Pay Range / Rémunération

To be discussed during the recruitment process



Pipeline Posting

No



Job Details

Découvrez Compugen
Compugen est le plus grand allié technologique privé au Canada. Nous croyons que pour innover nos industries, transformer nos entreprises, connecter nos communautés et provoquer de réels changements, nous devons voir plus grand, élargir notre portée et agir avec plus d'audace. Grâce à notre expertise, notre curiosité et notre approche collaborative, nous aidons les organisations à créer et offrir des expériences numériques réfléchies et mémorables. Pour nous, c’est ce que ça veut dire de s'appuyer sur la technologie tout en restant centré sur l'humain.

Aider les organisations à imaginer et réaliser de nouvelles possibilités, ce n’est pas juste un slogan pour nous — c’est ce qui guide notre quotidien. Nous croyons foncièrement que la technologie est le conduit, mais les gens sont les points de connexion qui rendent la magie possible!

Notre culture
Notre culture priorise le bien-être humain et s’investit dans votre potentiel. Nous sommes non seulement dédiés à nos objectifs d’entreprise, mais aussi à vos objectifs professionnels.

Si vous avez une curiosité inlassable, un désir de faire une différence et un esprit fondamentalement collaboratif, vous êtes au bon endroit.

Survol du rôle:
Le technicien en centre d’appel prend en charge les appels téléphoniques, les courriels, les formulaires et autres intrants pour l’ouverture et la documentation des incidents et des demandes de services. Il solutionne les incidents en respectant les procédures en place et traite les demandes de services. Il se doit aussi d’aiguiller les incidents, demandes de services qui ne peuvent être traités par ceux-ci dans les équipes concernées selon la nature de la demande et son niveau de complexité.

100% télétravail !!!

Responsibilités clés:
Ouvrir, fermer et faire le suivi des billets via l’outil de billetterie;
Comprendre les besoins de l’usager et l’aiguiller dans sa demande;
Comprendre comment est constitué le système de visioconférences du client au niveau des composantes;
Consulter la console de gestion des codecs (TMS) ou celle de Microsoft (CQD) pour pouvoir poser un diagnostic sur un problème associé à la visioconférence ou au système de visioconférence;
Orienter efficacement l’usager dans la résolution du (des) problème(s) en attribuant aux techniciens de proximité en informatique ou aux techniciens en audiovisuel une tâche.
Compétences et qualifications:

1. Posséder une attestation d'études collégiales (AEC) en informatique ou son équivalent.

2. Posséder une année (1) d'expérience en support d'environnement audiovisuel et de visioconférences.

3. Posséder une (1) année d’expérience en service à la clientèle ou dans un domaine connexe.

4. Posséder une (1) année d’expérience des environnements tels Cisco, visioconférences (codecs) plateforme MXP C, EX, SX, DX.

5. Posséder une (1) année d’expérience dans des produits tels Crestron, AMX, Extron, Symétrix, Bi-Amp, QSC Q-SYS, Peavey NION, Cisco, MS Teams, Clock Audio, ou SVSI.

Déclaration d’équité

Chez Compugen, nous engageons envers la diversité, l’équité et l’inclusion. Nous recrutons activement parmi tous les groupes, y compris les femmes, les Autochtones, les personnes handicapées et les membres des minorités visibles. Nous reconnaissons l'importance d'eliminer les obstacles à la participation et d'offrir des mesures d'adaptation sur demande a tous les candidats tout au long du processus de recrutement. Si vous avez besoin d'une mesure d'adaptation, nos représentant de l’équipe des ressources humaines travaillera avec vous pour répondre à vos besoins de manière confidentielle et respectueuse. Nous croyons que tout le monde mérite une place à la table-et nous prenons des mesures délibérées pour que cela devienne une réalité.


_____________________________________________________________




#ITR"
Site Reliability Engineer,Kyndryl,https://ca.indeed.com/pagead/clk?mo=r&ad=-6NYlbfkN0C7m68obadsLCmy0InlM7BI5kkt5AguNm46WQVdUmVC5NIVz5_Lp1AtBwQF648jnpUQmeUUQA7iN4bXHMNbqt_AThYpClEe5RnyUEivaOhld1lGzaZnFKDyhsckM6me9QVf7lt4ODz88JQAPCSq9VMvPeoisqD5P9xvGhglzGGfBIU5OmAqo317MuRR1hC_HgVM-oMis0Fg1BM_YM_E23lKnpgw4Fs0kI6z7O640IEH4gvZKMiitPpLMj3f2E31I65jLv5msgLt84uJ9BtpGcgIFBTjjb91nliV0T37dQX5IM7tKJMJkJBAOiOs8mCNtUgvGDEFTrGLPqZfM9ryY9_9SUfUORp-fqLyhI4_25VxvvrI1cDXgmxddG3AiYJCH6BW9PF5-aA3q5V_4HA7WsqJrI6A3A0EU9CkOdfThbKPHnCselblEcnY-pJ6cShlHACy9UJQ4EYukCoMULtVbTc0sf3EK7tFfO1466lqua3UN1kIwCPxQchYr4lK4ivtrhK59v2LJ_AS71KsDA5Yv6QpqaLxCxHekliQlbQxjqmc1woOHDkywavT73Xu5qHb4YMqr-aaxq3gUh-_Psnq9SJTdZ2oqkClfsgZt_ntmHe4iMuKh4cwf0L94Fw9z0k14ihtHkZcgQ-nQ2njDYAWKrv6DZmmZ3THwcQPHmrvK5L1S6zmJCMxcduS098gWONsBBY=&xkcb=SoA76_M3pva6zaWEiJ0LbzkdCdPP&camk=ethIe0s0heewaR-B1-lxHQ==&p=0&fvj=0&vjs=3,"Position: Site Reliability Engineer
Client: Financial Services - Capital Markets Technology
Duration: 12-month contract with potential extensions
Location: Toronto, Canada - 2 to 3 days onsite per week
Language: English
Hours: 37.5 hours/wk

Background
Our client is looking for a Site Reliability Engineer (SRE) to enhance the reliability, performance, and efficiency of mission-critical batch workloads across Capital Markets Technology. The SRE will serve as a technical lead focused on automation, application development, systems performance engineering, and observability using Dynatrace. This position is pivotal in driving operational excellence and maturing reliability practices across the organization.

Qualifications

Expert-level Python skills, including performance tuning, concurrency (async/multiprocessing), testing, and packaging.
Strong Linux systems engineering expertise (kernel tuning, networking, process management, filesystem optimization).
Proven experience optimizing batch workloads for performance, reliability, and cost efficiency.
Deep knowledge of Dynatrace for observability (dashboards, KPIs, tagging, alerts, anomaly detection).
Hands-on experience with Apache Airflow (DAG design, scheduler tuning, SLA management).
Strong understanding of distributed systems concepts — retries, idempotency, backpressure, data integrity.
Experience with CI/CD pipelines (GitHub Actions, Azure DevOps, Jenkins) and Infrastructure as Code (Terraform, Ansible).
Familiarity with containers and orchestration tools (Docker, Kubernetes).
Excellent incident management, troubleshooting, and communication skills.
Responsibilities

Reliability & Performance: Engineer resilient and performant batch processing pipelines by reducing runtime and minimizing failures.
Observability:
Implement and maintain Dynatrace dashboards, alerts, and runbooks to ensure deep visibility into system health.
Systems Engineering:
Configure and tune Linux and Windows environments for optimal reliability and speed.
Automation & Orchestration:
Design and refine Airflow DAGs, automate deployments with CI/CD pipelines, and reduce operational toil through code.
Incident Management:
Lead incident response, conduct root-cause analysis, and implement improvements based on post-mortems and SLOs.
Security & Compliance:
Ensure all reliability and automation processes adhere to security best practices and regulatory compliance standards.

#indkyn
**Please note this is for a contract position with one of our clients and not a full-time employment role with Kyndryl Canada**"
Kafka Devops Engineer,Citi,https://ca.indeed.com/pagead/clk?mo=r&ad=-6NYlbfkN0B7UYL49yWBrrOlEWIsfJu1HwdoffaEv3MPqVgUrdyA2nqMRst1XIqVmZrfbf3F7YNeiXHmePT3oi0x2mDu9j2Mb3U5mfv-D1J13GQAip7kzIJbGpnkdwkIw30tGJkG9BE9lI3DAvggfKuRWJjjH_k1vId5EHo62EMa0e6dfIXneukiHBUB6KKHYMEUKSqksWEW6TO7w1-YOA25yAGTJ8NzsX2GVsdXRfTxNNvcMSqCIxf0dzcNQQrwvgJoeODeOktHCWf3UgHbVAKamRrs_ykT8JMu9eHNDMcRIKSAbnjRJXsHG5WULrQxIQeBVRhsHmLqVCq49JzXbn8nnkjiPRSqLdP43oI_tK4a0RvWA2MYIJA7qSv_1H35fZVKugej7rR8mwwAO_QotbL8CPzBM7avUdE2px-O378znKf6sSSDlNzcYG8rfz9IFYFPKp3JCrbUg9A3hx7OSXuuOK4oor-nZpXEUUG9kbiqOLNWePEM4JDysfg5l8-YapxreUec92UR0ZGx8Gcvc0KkfYRk8zPqiXG4jZMDRZbFBlQxOI-lfSTB1rbZekTjxzhoVN-y3vS3AwOP4dMVth7BSo6JhwDCro0qEunnM0HvDzogiXD_CvTaXnhx6ikqHJoW65ldzpnFQDmeTbo2P6Qtftn-X1z3UQSW5hkk9jvc6H_LEeUuSt_zm0uAKiWANJpQP4A6ztuhYwaELULVlQfQE8aj2vJgJWDOZCtGicqTOxMa0rGBVdrnuHeMSZlcNJwRqPqb4zZdpnXKNvy0Eju4DsrFi2GehYEDAwBBKFjN8DKCLEuAYRNPbbp0AIph31JcENahHUc=&xkcb=SoCP6_M3pva6zaWEiJ0KbzkdCdPP&camk=ethIe0s0hedqJhqM-TS0aQ==&p=1&fvj=0&vjs=3,"Join the Kafka as-a-Service (KaaS) App & Infra Operations team, operating within a DevSecOps model and collaborating closely with KaaS Engineering. This role is focused on providing technical support and production management functions to ensure the robust operation, stability, and scaling of our Kafka product offering across the bank.

Responsibilities:
Contribute to and participate in the global Kafka as-a-Service (KaaS) App & Infra Operations function, including a follow-the-sun support model.
Collaborate closely with platform engineering teams to align on shared goals and serve as a primary liaison between platform users/tenants and the engineering team for queries.
Execute daily operational tasks including start-of-day checks, continuous monitoring, and regional handovers.
Provide L1/L2 technical support, incident/problem resolution, and manage releases, ensuring stability, quality, and functionality against service level expectations.
Implement and carry out internal business continuity (CoB) and resiliency procedures, including performing post-release and infrastructure update health checks.
Manage critical operational processes such as Change & Release Management and Incident & Problem Management.
Develop and maintain comprehensive technical support documentation.
Actively contribute to, and where applicable, lead initiatives focused on improving the stability, efficiency, and effectiveness of the KaaS offering.
Participate in and, where applicable, provide technical oversight, overseeing technical issue escalation and resolution of major system outages, ensuring clear communication to all interested parties.
Perform other duties and functions as assigned.

Qualifications:
5-8 years of relevant experience
Proven experience in an Application & Infrastructure Operations role.
Solid experience working with the Kafka ecosystem (Kafka Brokers, Connect, Zookeeper) in a production environment. Experience with other distributed messaging/computing platforms and a willingness to learn Kafka will also be considered.
Exposure to the Confluent stack (Confluent ksqlDB, Rest Proxy, Schema Registry, Control Center) is a plus.
Proficiency in automation tools, specifically Ansible, for managing, installing, and upgrading Kafka services across multiple clusters.
Demonstrated experience in administering Unix systems and the applications deployed on them.
Proficiency in using monitoring systems such as Grafana and Splunk for application health checks.
Track record of proposing and driving operational efficiency and process improvements within support functions.
Skilled in communicating effectively with relevant stakeholders at all levels.
Experience with issue tracking/reporting tools and Problem Management tools.

Education:
Bachelor’s degree/University degree or equivalent experience

This job description provides a high-level review of the types of work performed. Other job-related duties may be assigned as required.

-

Job Family Group:

Technology

-

Job Family:

Applications Development

-

Time Type:

Full time

-

Primary Location Full Time Salary Range:

$94,300.00 - $141,500.00

-

Most Relevant Skills

Please see the requirements listed above.

-

Other Relevant Skills

For complementary skills, please see above and/or contact the recruiter.

-

Citi is an equal opportunity employer, and qualified candidates will receive consideration without regard to their race, color, religion, sex, sexual orientation, gender identity, national origin, disability, status as a protected veteran, or any other characteristic protected by law.


If you are a person with a disability and need a reasonable accommodation to use our search tools and/or apply for a career opportunity review Accessibility at Citi.

View Citi’s EEO Policy Statement and the Know Your Rights poster."
DevOps Engineer,Staples,https://ca.indeed.com/pagead/clk?mo=r&ad=-6NYlbfkN0BPvtZrPQEhwiUZzTd7bW_j3PgjlPAJyjUix1n6B7cLOsLH08R2-nmAmxqEN33ph0ksgnyQBawyop3QKH3DdkE32F2UBBsTfWLyCxnDG_m1CxFUeyLADsAVrC_nckUo6r3p4qvVRsE-g-__sR7bHW-BwV7wGHM9LxpW0_MUjTquji-4K0eQaXyM-fmAtzLIQhtxma8APpRz33QsVKNUoVEqrMQbKVDps8fT5cgQ749Z2-4BwA2Z17KLHleOtgH-uFnBE5ZcbhUeoLZPgbCwsN6Ny0LimiCDvRvVqUpxSlHF_ySWyJgeNN_vKoui35cQx9Cd2aPa6MW4fqC_IwlGukhsPT7ulpbDpmG0Fu0RAYaruhm0wU8EjKDx-FuRpNk0UEkDK_KiUDwoyM-HO3lixvpeXswQaWzjMlTmQTJ4rrX9rsIpxHSLRpFHObmtAymvt7qjlNfHoQgmuqw4KrB6uOILjIs1Q4mOD3qd-3EW0vbB2YwQKpI-PhDhK1qI5nkjCqE1hcSwhkzv36A5zUk2H9MONgVaZ_Xn-2X3RLEI0iiJdxQfsBfsdjorccfoWno0JfzKR5ZlQAo9QgmihJA1LW-RINpZCbs_MDlwBG3ZcfekYYgRhYg4AJ7aiEu2xnqbWVKx7UHdHp3Irhlxf_ge3HHSvx5LC1mrPxz_Qn-lpZkp4TDVU-ukcnFjpxHz9ghqjWKKsoTbfTed7AzfBcjjxmkSy4o28DZoKiiTWw2Aftl57A==&xkcb=SoAS6_M3pva6zaWEiJ0JbzkdCdPP&camk=ethIe0s0hecOYrZ4DqDXrg==&p=2&fvj=0&vjs=3,"Some of what you will do:
As a DevOps Engineer, this role will be responsible for build automation, deployments, monitoring, and alerting for all the Enterprise IT applications and systems. The DevOps and SRE team will define and implement best practices and blueprints to be used by the various Engineering groups across IT. The engineer will be in contact with all the Engineering group as a resource for them on DevOps and SRE best practice. Being able to work with both legacy and modern processes will be key for this role as well as being able to work in with both on premise and cloud technologies.



Specifically, You Will:

Develop and maintain high quality CI/CD pipelines
Provide DevOps support for all engineering groups across Staples Canada and Staples Professional
Implement configuration and secret management best practices for required builds
Monitor and maintain healthy Kubernetes environments in high availability scenarios
Improve automation for builds, releases, and monitoring.
Implement and enforce security best practices across infrastructure, deployments, and runtime environments.
Enhance visibility and reliability through logging and observability.

Some of what you need:

Post-secondary education in Computer Science or equivalent working experience in software development.
5+ years of DevOps Engineering related experience
2+ years with APM tools such as DataDog, New Relic, Grafana, Dynatrace, etc.
2+ years of Kubernetes administration experience with both Linux and Windows containers.
2+ years of working with a public cloud (Microsoft Azure preferred, but AWS or GCP are acceptable)
3-5 years of software development life cycle experience.
Effective process and procedure documentation management
2 years’ experience in IT development and operations is required with retail sector preferred however equivalent experience in other sectors within a software development context will also be considered
Microsoft Azure certification in either Solution Architecture or DevOps
Experience with build and infrastructure tools (Docker, Kubernetes, Microsoft Azure, Terraform, Ansible)
Experience with web server administration (IIS, NGINX, Tomcat)
Experience with Azure DevOps or Jenkins build automation systems
Familiarity with software and infrastructure monitoring tools



Some of what you will get:

Associate discount
Health and Dental benefits
RRSP/DPSP
Performance bonuses
Learning & Development programs
And more...


#Bringyourpassion
#LI-Hybrid



Staples Canada is an equal opportunity employer committed to diversity and inclusion and we encourage applications from all qualified candidates, including those with disabilities."
DevOps/Infrastructure Engineer,RideCo,https://ca.indeed.com/pagead/clk?mo=r&ad=-6NYlbfkN0C79S2PWPfci7KvSiFroKbOjYdnoPj9fmfvq5woukslOsVTWWx8RT_s4yUpLoQty9ZgIV34qJV_K6riPJZ3M9xYHVlaH5ETPHpAprMQIiEYLi9cpat8IprHsPeN8DFh7weDXAHDtrUVnzdcflavQr5A8c-EcrTjSnwrxueYBb0qKp2DowNMBjgnVTKX20jTXH0Ulj1xtuACcmjGSZF-UYHdCmEv3aBfDJ_hHp7uXHLfqzi7DNssrDKmufPkwl3p6KoZgX2ihtQAU2L5xR4xQXE5GCyr4kts3Ru2rqRd0Q5TjnJ-IAdN51bAEMdkHKf_BLxWPixEhuMXlzRnqsMx5IwQVUtDOeCfeQhj-9G3Rxck0WhxSz_3mM0YCqWPZBY5n9ZSzE2P1MA4rf1CP6fPYr6DmYTCY84fDxaDgb-0oJ_qExgxYlkH_Vg5aVtovT1Es4DysvmG0EFyOnz3v577Oey-Q4LIgJQvW11he2qNvy041gfoQfTfn-i3axSVAnjagsuBdlk3wiKLUPrJ38m_cQuTi5aco-t4nvoBQ253YU464ulLndO6GYsmu16fiIzuAyocylZEwBfFeH6GdGE7pMBIJDP30Tq7kyyZ3m-Q8eDWxDdmM0uzXjl0tIkoENQGbr3MHlQB7tjRmMT3Q3iiXT85SJzQUmxQdLa3GKwFAn4bqg==&xkcb=SoCm6_M3pva6zaWEiJ0IbzkdCdPP&camk=UoKtGZLa3XIsUljgWYfS2w==&p=3&fvj=0&vjs=3,"This is an opportunity in the exciting and fast-growing transportation technology industry. Public transit is being transformed from a system of static, scheduled fixed-routes, to a dynamic on-demand network, and you’ll be one of the pioneers shaping this transformation.

You will join a small, agile team managing RideCo’s cloud infrastructure and internal engineering infrastructure. The ideal candidate will have a passion for building world-class infrastructure and a track record of success creating highly available, scalable, automated, distributed systems. You will need strong systems experience, excellent interpersonal communication, and experience accepting and giving meaningful feedback on technical designs and implementations.

Your day-to-day responsibilities will include:

Design, build, and manage infrastructure, both cloud and in-house.
Lead architectural changes that improve performance and uptime.
Develop monitoring and alerting, both technically and culturally.
Build or introduce tools that streamline development and deployment.
Architect highly available real-time distributed applications.
Work with diverse stacks, including both stateful and stateless services.
Improve the platform’s auto-scaling and self-healing capabilities.
Maximize utilization of cloud resources to balance performance and cost.
Plan and execute OS and application upgrades in the cloud.
Other duties/projects as assigned.

Required Qualifications and Experience:

Degree in Computer Science, Software Engineering, or a related discipline
5+ years of experience working in software development environments
Experience with system administration (Linux)
Experience with continuous integration and continuous deployment (CI/CD, Jenkins)
Experience building and maintaining highly-available distributed applications
Experience with monitoring and alerting applications (Prometheus, Grafana)
Cloud expertise (AWS, EC2, ECS, RDS)
Strong predilection for automation (IaC, Terraform)
Strong scripting skills and experience building diverse, robust tooling (Python, Shell)

Preferred Qualifications:

Experience with Python programming language and Python web application development (Django, Flask, Gunicorn)
Experience with web server deployments and performance tuning (nginx)
Proficiency with container based build infrastructures (Docker, pipelines)
Experience with databases (PostgreSQL, Redis)
Demonstrated knowledge with high availability caching (Redis, nginx proxy)
Experience with highly available distributed task queues (RabbitMQ)
Experience with container orchestration (Kubernetes, ECS)
Familiarity with Agile build and development processes
Excitement for learning new domains and new skills

Compensation and Benefits:

Base Salary: $120,000 - $150,000 + performance-based bonus + stock options
Work-Life Balance & Additional Perks: Flex-time work schedules, vacation time, catered lunches, social events, casual dress code
Benefits Plan: Medical, dental, prescription, life/health spending accounts and more
Work Environment: Located in KW's most desirable work space in the heart of Uptown Waterloo
Commuter Program: Complimentary rides to and from work in Waterloo Region

Who we are:

http://www.rideco.com

RideCo powers on-demand transit. Public transit agencies and fleet operators use RideCo's cloud-based software platform to provide on-demand shared rides in dynamically routed buses and vans. RideCo is growing rapidly, and it is the most adopted on-demand paratransit and microtransit software among the 10 largest cities in the United States. Our marquee clients include Philadelphia’s SEPTA, RTC Las Vegas, San Antonio Metro, and Houston Metro.

RideCo’s software powers a diverse range of use cases, including paratransit, residential/ suburban travel; first-mile-last-mile connections for transit hubs; and corporate employee transportation. The success of these services is supported by the industry's best customer service, including a 95% plus customer retention rate. We are investing to scale up and capture the growing demand for on-demand shared rides solutions.

RideCo is proud to be an equal-opportunity employer. We hire the best talent and strive to build a meritocratic culture. In accordance with the Accessibility for Ontarians with Disabilities Act, accommodations are available upon request for candidates taking part in all aspects of the selection process. If you require special accommodation to complete any portion of the application or interview process, please mention this in your application. #Li-Hybrid

Why is this role open? Existing Vacancy

RideCo is committed to a fair and transparent recruitment process. We do not use artificial intelligence (AI) or automated decision-making tools to screen, evaluate, or select candidates. All applications are reviewed and assessed by our hiring team."
Principal DevOps Engineer,Snaplii,https://ca.indeed.com/pagead/clk?mo=r&ad=-6NYlbfkN0DMIIYeLBmJX0BsM8zeG0Q8kfsBrtogvSNFk4S2K9RtI83Sw00iiVJz_Ge_6m-N0a7LNi_n-SPJLZ427c9RkmdOM3itvj8UhMpGLceQ7eKyZFAL5JxGfiALVKHrCA4RY8U-zxUmmO3OMaWKoGxNdmg7l84nGBaGe9nQbIiPPS72VYscumu41I3q40ttZMbLQC2klIsbaw3U2bvkLvTB4Mo5ZJi6PbQkOqZaoNrtdhl1tInOS3NBJ_IUAAM-xjSTk6sUMjy04JkbGYVOrtR-aRu0g2rwIy8AfnfpYFYtdpphrmmBdaioJ6wTERCEheiTz1xLiF2dNCv_AXugHAg4_l99krd6WyUim8O0Lp_kj4B4JBZVn4Iv5OOQzSZ2kaO7_TTbao7o6rCAySYuiqPUmzw9TZ_wFvkLvX_kjcMFuYcyDY6KSGdFZG50yd_9sPHqc_pJMvmnp0-5qtHrZxJ2qnbvvpigGKrfPys2-Rz5nzdmyv5tsieRR0-gd2Fa0p6Y1vdVzA1douT5SQPwLjXLMIEQed47AduWhj4HMmkhhSQZEyq8u-tUSYqqlqYSijL8hIBqj1VE5acao2TCbYmxLdON9VCx2Ac8jWu3V8Qx_1lijYzsMFt7pAh8Wrf5EqZmW7hKN_RNtP_5faZTjK7ozoK9jL9HLh8S3x3D9NpDpnh6yZrsW8zs6OIVlax6G6Egdvjv6fSlGJ3WhQ==&xkcb=SoAo6_M3pva6zaWEiJ0PbzkdCdPP&camk=UoKtGZLa3XJIaSWuk3QeZA==&p=4&fvj=0&vjs=3,"About the Role

We are seeking an exceptionally skilled and experienced Principal DevOps Engineer to join our team. This role is pivotal in designing, implementing, and maintaining our next-generation cloud infrastructure and CI/CD pipelines. The ideal candidate will be a deep technical expert focused on enhancing system reliability, scalability, security, and, critically, cost efficiency. This specialist must possess a profound understanding of the AWS ecosystem, Kubernetes containerization, automation scripting, and cybersecurity principles.

Key Responsibilities

1）Infrastructure and Systems Mastery

● Operating System Expertise: Expert proficiency in both Windows and Linux operating

systems, capable of skillfully managing system configurations and resolving complex,

system-level issues.

● Network Engineering: Expert knowledge of network principles; proficiently configure

and maintain wired, wireless intranet, and VPN networks.

● Cloud Infrastructure Management (AWS):

Act as an AWS Services Expert, responsible for configuring, maintaining, and optimizing the AWS infrastructure, including security and IAM permissions, cross-region communication, traffic monitoring, routing configuration, various storage services (S3, EBS, etc.), and RDS databases.
AWS Billing Service Specialist: Adept at understanding and analyzing the cost structure of AWS expenditures and implementing correct adjustments and architectural changes to achieve continuous cost reduction and optimization.

● Containerization and Orchestration:

Expert knowledge of Kubernetes (K8s) and Docker-compose, with a deep understanding of cloud container management and operational lifecycle.
Proficiently use ArgoCD and FluxCD (GitOps) for automated deployment and management of K8s applications.

2）Automation and CI/CD Pipeline

● Continuous Integration/Continuous Deployment (CI/CD): Proficient in configuring,

scripting and maintaining Jenkins or GitHub Actions to build and optimize robust

CI/CD pipelines.

● Deployment Proficiency: Skillfully deploy various application types to AWS, including

Amazon EKS, ECS, Fargate, Lambda, and other serverless/container platforms.

● Service Exposure: Expertly leverage AWS API Gateway and CloudFront for secure

and high-performance application publishing and distribution.

● Scripting and Automation: Expert in Python and Shell scripting for automating

operational tasks, infrastructure management, and data handling.

● Specific Service Maintenance: Proficiently configure and maintain a CodePush

Server.

3）Security, Monitoring, and Data

● Security Specialization: Act as an expert in Cyber Security and Network Security,

implementing and enforcing robust security measures across the infrastructure and

applications.

● SSO Implementation: Proficiently configure and maintain SSO (Single Sign-On)

services and integrate them into application code (e.g., Google, Okta, Azure, etc.).

● Monitoring and Observability:

Expert at monitoring large-scale cloud services, identifying system health performance bottlenecks, and providing effective solutions.
Skilled in monitoring micro services metrics in K8s, understanding performance degradation and spikes, and implementing auto-scaling solutions to meet business demands.

● Database Management: MySQL database administration expert, proficient in

transactions, locks, and complex SQL query analysis and performance tuning.

● Data Warehousing: Experienced in ETL (Extract, Transform, Load) of large-scale data

into a data warehouse, with familiarity with Google BigQuery and Snowflake.

4）Additional Skills and Documentation

● AI Experience (Plus): Practical experience in setting up a local AI LLM environment.

● Documentation: Highly proficient in writing and organizing technical documentation,

processes, and operational runbooks.

Required Qualifications (Summary)

● Deep practical expertise in AWS, Kubernetes, CI/CD, automation, and network

security.

● Excellent troubleshooting, problem-solving, and performance optimization skills.

● Strong communication and collaborative skills.

Job Types: Full-time, Permanent, Fixed term contract

Pay: $130,000.00-$230,000.00 per year

Benefits:

Dental care
On-site parking
Paid time off

Language:

Mandarin (required)

Work Location: In person"
DevOps Engineer - 8+ years - $65.00 p/h inc. - Contract - AWS & GCP - 12 months - Toronto,CorGTA,https://ca.indeed.com/pagead/clk?mo=r&ad=-6NYlbfkN0Dkh866153otbRJ8nVMuEXnXPd315JS377__3VyD6HnNQVW60k3pONiZrB4RwVAuG9dC7_wY8H7sgSABLJ2cJ-w1d0bxE4_Lq2yQy1htiM8U6PvwhYuznkjORvGaUbJVJKZmk15fE1k_g_sDZtuEe3PfuZ2vcZfYior-l0XLTbEg9F-OntRnypbGGt8LyFUGV5t9CpK9CUfxvPWmlxHp02swbk1G9wtSReYODeRNKg5UZyEy8Ju3121PCFZY6sCDxglMkc4TByarx6hFHVw4Td7na26CaSC7DxHNGpG5sbhWFZtF4ExOSRqndBO7oMSVO6Ub2uGNp64e-LXPR_ywpw1tGVXcAq-25GcBwQs1Aw2Ha8HvpFlR7PAqGR-iP5UDeLf1hcnyPM9AjDbKDQj8ufSBF5AbYoaW8gfLEP1twkqYnBsnkwJHbQgljIYoA0anxmQftVTw474Z-il6jkGJSUi5l5ORl0XbVws4xuYk6c5NUgD6UTmn5IKst1HXsAaVW00LNkAUIDZBKu2l3plQxacBSZ-meWIxypg_K6cqLL0_zpaVoC20mfaHp4m42h22kEG9eAGnxkkVaca5sujkXmgGSbke0sqUfivI0-m-a8bJZ-yUa799ELBybJdLP8sSwKAi7Uc4qR7DcmhtfUNGW1fKs2uxYhkGWA=&xkcb=SoCc6_M3pva6zaWEiJ0ObzkdCdPP&camk=nUmJqO2E8rhq25UJX3iHDA==&p=5&fvj=0&vjs=3,"Position: DevOps Engineer
Location: Hybrid, 2x per week in office (Toronto, Downtown)
Structure: Contract 12 months to start
Pay: Up to $65.00 p/h inc.


-

We have a great new opportunity to support one of our Finance Sector clients in a contract capacity!

Please see below for more information on the position and if interested apply with an updated resume aligned to the needs of the role.

—

Requirements:

8+ years of experience in Information Technology
Strong hands-on experience with AWS, GCP, IaC tools (Terraform preferred), and CI/CD pipelines.
Knowledge of containerization and orchestration (Docker, Kubernetes).
Experience with monitoring tools (AppDynamics, Prometheus, Grafana, ELK stack).
Proven leadership and stakeholder management skills.
Familiarity with FinOps practices and cloud cost optimization.

-
CorGTA is an equal opportunity employer, please apply with an updated resume and ensure the required skills you are able to speak to for this position are included.


For more roles like this please go to www.corgta.com/find-a-job/"
Site Reliability Engineer (SRE),Tangerine,https://ca.indeed.com/pagead/clk?mo=r&ad=-6NYlbfkN0CQT23RTAjhzTZUVU71IpBGHV5Al1f5Ky2yro0CzurBn2O33iq0HRqPNbyu8l0-WTTNK7V53KvY75HDuIkYg_NVHjj_5q3dCKHAIQuwYECfNQA0n0Y0QTSOREjBqjaLmGwivNO6GLUPOYaX9GTHTwHBEmR3Wtk1xVeVic6bTD2TmMhHxLg0DUZQm6VqT_GfPBi2ehkbOsEZi04qSG_mCyGokdaM6qcs7qsZ3QwqvTwNjyQg-ma8JI5qEZkmLMBrG7SPTIuaita14Mhoezi1GWk3THR7HOqAGOJs_x1sWb1Jj_5iBDJfzx8r560621SeoW4qlY5c7L-ts1SKTuZqfc99pzpjOdVya1eO4Ux3dLPX6SaHx1TpumUO57Mn4DRFo4Az8aLmMixw83fOQwTEKDS3OAOKGOF2s3_YQWwXS6ixlFXnvN-z5tAWLqwtqpG6CDoPUv0tg20sAejUUrzfysCpj70y4RQPbrSd5WspCYRIQ75SoJWVjtA9QWtK8rbXrbXgPyDhF3xlqYSqH_05VQxUUmyNuxMDVOlAfGxatVXrwhK7H8emk83aNV5bVImeAyPYjJR0QwDpb_ASExZ5Rp5uFIqowWBLhSwmMLSfIEfzkegKYOqX3bQ8306Jn4DsaWfINdVVSjWrS9JbB6c9CvYVmXdi1kzMpG936FU1txg4tYKZia2KyyCIA6Ecl462rHMGg07Bef7Kqn7vK196En6lQF8eFMo6oOqTAImoAqx9IT2LiLNVAjsInEdbqG5tSKQZec1qQRPVz3Q1MT4bM0MmtAYGV5KXSGiKAyV5OPvbEsMySA-ut1FMqcDEc-dBNcjfTndVIZn5hwQw6sG4OmMAadkzPB5HcPljst38Jv8h6CY3eLYKzMjyN8fKBkm_tk0=&xkcb=SoAB6_M3pva6zaWEiJ0NbzkdCdPP&camk=ethIe0s0hefxcba6hxVYkw==&p=6&fvj=0&vjs=3,"Requisition ID: 241943

Tangerine is Canada’s leading direct bank. We offer flexible and accessible banking options, innovative products, and award-winning Client service. The reason why Tangerine employees come to work each day is to help Canadians live better lives. We focus on making a difference in our communities, and that includes our own internal community. It’s important to us that our employees feel empowered and enthusiastic about belonging to our Orange culture.


As Canada’s leading digital bank, Tangerine technology is at the heart of everything we do. We have redefined what digital banking is and we continue to evolve on what it can be, using technology to create innovative, forward thinking banking solutions with our clients’ needs in mind. We are made up of high performing, curious, energetic and collaborative individuals who thrive in our high trust agile environment to deliver best in class solutions for our customers. We believe in giving people hands-on challenges and the responsibilities that come with them, allowing them to grow, evolve and create opportunities to build their career.

Are you ready to make the change and become part of an established disruptor with the backing of a highly engaged team? If so come join us and help redefine the Canadian banking landscape!


We are looking for a SRE & Production Support join our Tangerine’s Production Support and SRE team.


Is this role right for you? In this role you will:



Manages the team workflow to maximize business and technical efficiencies. Develop and guide the team members in enhancing their technical capabilities and increasing productivity
Supervises IT Support team; assigns and prioritizes production incidents, and problems, trains and coaches IT Support teams on ways to improve customer support; develop staff skills
Ensures all production issues are resolved within SLAs, and user requests are completed satisfactorily and that all customer requests are responded to in a timely manner.
You’ll be responsible for providing investigation and second level support on client issues, technical issues, system/web site outages and questions from all internal and external application by maintaining, prioritization and addressing to respective Tangerine technology groups and vendors.
You will run the production environment by monitoring availability and taking a holistic view of system health.
You will improve our suite of software solutions' reliability, quality, and time-to-market.
Measure and optimize system performance to push our capabilities forward, get ahead of customer needs, and innovate to improve continually
You’ll be responsible for maintaining the production applications and day-to-day operational activities, manage escalations and modify established procedures / approaches to suit specific situations including 24 x 7 support and coordination of recovery efforts
Participate in defining SLIs, SLOs and SLAs for Enterprise Systems
Gather and analyze metrics from both applications and infrastructure to assist in performance tuning and fault finding
Partner with development teams to address outstanding tickets and implement permanent fixes
Create sustainable systems and services through automation and process improvements.
Balance feature development speed and reliability with well-defined service level objectives.
Monitor multiple application health and discover opportunities to optimize in a continuously growing large complex hybrid environment.
Lead on-call problem escalation and outage recovery effort, not limited to code fixes in presentation and integration layer, but also provide infrastructure level investigation and support where necessary.
Lead post-incident technical retrospect to discover and implement remediation actions.
You will perform troubleshooting, deploy systems or execute maintenance tasks as necessary to meet the specified SLOs.


Do you have the skills that will enable you to succeed in this role? We'd love to work with you if you have:



2-4 years of experience in developing and/or supporting complex, large-scale customer-facing platforms.
Good understanding of multi-tier applications, microservices (Docker, Kubernetes etc.)
Experience instrumenting and monitoring cloud hosted software stacks (preferably GCP, Vertex AI, GCE, Network, BigQuery, Cloud SQL)
Good understanding of networking concepts: TCP/IP, DNS, HTTP, TLS, OSI Model.
Familiarity with Tech Stack is Java/J2EE/SpringBoot/Python/JS NodeJs: FrontEnd IOS, Android native Apps; Deploymnet Runtime: K8s, WebSphere, WebSphere Liberty, NdeJS/TS.
Basic knowledge of one or more scripting languages (Ansible, Terraform, Bash etc.).
Strong working experience with incident management and setting up monitoring alerts.
Have a proficient understanding of code versioning tools, such as Git/Bitbucket.
Knowledge about building a highly automated production monitoring and support model, hands-on experience integrating Splunk, Ansible, Dynatrace, Sumologic, Service now ,PagerDuty.com, or equivalents.
Proven ability to translate ideas into technical and business realities and map technology to business problems.
Experience with private/public cloud services and platforms.
Superior verbal and written communication skills with the ability to influence decision-making with stakeholders.
A proactive approach to spotting problems, areas for improvement, and performance bottlenecks.
Exceptional written and verbal communication skills
Excellent problem-solving skills
Flexible approach to work and the ability to adapt to change
Prior production support or SRE experience.
Proficient with MS suite
Nice to have: Experience in building public and internal REST APIs.
Nice to have: Experience with CI/CD tools such as Jenkins.
Nice to have: Experience working with database technology such as SQL server, Oracle.
Nice to have: Experience with the Atlassian tools (JIRA, Confluence).


What's in it for you?




You will be part of a diverse and inclusive team of Client-focused go-getters looking to learn from each other in an environment that celebrates and recognizes success!
You will have access to thousands of online and in person courses so you can shape your career growth with the support from diverse industry leaders.
You will get our help to save for your future and to invest in your total wellbeing through our Tangerine benefits*.
You belong here, we are equal and un-complicated. Bring your true self to work, dress codes don’t apply here.
You will enjoy workspace flexibility and all the excitement that comes from working at the official Bank of the Toronto Raptors.


Tangerine employees participate in Scotiabank’s pension & benefits programs (available to permanent employees)

Location(s): Canada : Ontario : Toronto

At Tangerine we value the unique skills and experiences each individual brings to the team, and are committed to creating and maintaining an inclusive and accessible environment. If you require accommodation during the recruitment and selection process, please let our Recruitment team know."
Lead DevOps Engineer - AWS,Mastercard,https://ca.indeed.com/pagead/clk?mo=r&ad=-6NYlbfkN0DHZwF4xK-GqC4LrtwrA-Fj46cHSMKz9HeF3HJpU5cHzvrTIV-4S24JR6O68Z6K0koiCnUsnCv1h0BGJnNc1bEvi78ELJ8aIjyvKscs5S1-jFUyODN-AXZBJLutLIIIUZdWg0YCQryz-gDd8JWgbdkq-bbPiUJeFqZvrvuzjMzOS3yv8eam7OzEiInfmVwWF7tDSuooxZKht-wrgIhfeqP3u-5riZ2RwWDuzwd48aXvzQYhU0ieS2Yh276UgEKtd_5YFDXACKNsUup6tEJVa_ZYjQciuMQ_qP74jWhYY8cpfaQOmEWdNslVqGQS3GHy8bt5SwHtY6GZkaBhqbAWJKjl5Z2mlxO1wL0oZsff96Fyd8PBWB9GxtLXRRLKLaM-EsePTVTqx6Ct5_L-0O9uD80RRLhjq1gilwOL8yM7kQiPQd4m-CIFSi2LFU4aCKEfWJwHMulL7lBOomghi5OkD4--TenpDSB06gUKNje8WD24ovD6Oi4K-7KR5I4I6Aak8BgI6uADiLjtaj-GFEOKJu6CZUvSZCVLnLNyRk7p9eJLCaexKozTSqqyvDkrzhqIaGlpo3KJI1CLTFOzUmAAtxHAXmbSnhJtInBZ0tglOvpA497NG9dHwQm3yrMMfmJ9o9dVwLlWT-hILse0LIE9cL26xgxvv-j7-9HjZZMKBsWEvQ==&xkcb=SoC16_M3pva6zaWEiJ0MbzkdCdPP&camk=UoKtGZLa3XKRsThy9dKGxw==&p=7&fvj=0&vjs=3,"Our Purpose

Mastercard powers economies and empowers people in 200+ countries and territories worldwide. Together with our customers, we’re helping build a sustainable economy where everyone can prosper. We support a wide range of digital payments choices, making transactions secure, simple, smart and accessible. Our technology and innovation, partnerships and networks combine to deliver a unique set of products and services that help people, businesses and governments realize their greatest potential.

Title and Summary

Lead DevOps Engineer - AWS

Overview:
Mastercard is seeking a Lead DevOps Engineer to join our dedicated team focused on security services. Operating 100% in AWS, you will manage dozens of accounts that provide infrastructure and security services for the RiskRecon product.
The ideal candidate will bring deep AWS expertise, particularly in infrastructure, security, automation, deployment maturity, monitoring/alerting, and self-healing environments. In this role, you will collaborate closely with development teams and product management to deliver secure, scalable, and highly available solutions that support rapid product growth.
This is a hybrid position based in Toronto, Canada, requiring three days per week onsite.

Role:

Design and manage AWS Networking, including VPCs, Subnetting, NAT, NACLs, Security Groups, VPC Endpoints, Transit Gateways, Routing Tables, and Network Interfaces.
Implement and optimize Application and Network Load Balancers, Target Groups, Network Bridging, and Listener Routing.
Configure and monitor WAF rules, Shield services, DDoS protection, and CloudFront distributions.
Administer DNS services with Route 53.
Deploy and maintain AWS EC2 instances, including Linux instances, spot, AMIs, volumes, snapshots, Auto Scaling Groups, and Launch Templates.
Manage AWS ECS for containerized workloads, including Docker tasks and clusters.
Oversee AWS EKS clusters, resources, and workloads.
Configure and monitor CloudTrail and CloudWatch for infrastructure and security logging, monitoring, and alerting.
Administer and secure AWS IAM roles, policies, resource policies, and SCPs.
Automate and optimize Linux system administration through shell scripting, monitoring, and tuning.
Leverage AWS CLI and Systems Manager to drive automation and administration tasks.
Maintain compliance with AWS Config through auditing, reporting, and governance.
Utilize Git, AWS CodeCommit, Terraform, RDS, KMS, HSM, and Workspaces to support infrastructure as code, data management, and security.

All About You:

Enterprise-level IT experience, with a proven track record in designing, deploying, and securing large-scale infrastructure solutions.
Hands-on AWS experience across multi-account environments, with expertise in automation, monitoring, security hardening, and performance optimization.
Skilled in AWS networking, compute, and security, including VPCs, Subnetting, NAT, Security Groups, Load Balancers, WAF/Shield, CloudFront, Route 53, EC2, ECS, EKS, IAM, and Config.
Experienced with Linux administration, shell scripting, system tuning, and security hardening.
Proficient in automation and infrastructure as code using Terraform, AWS CLI, Systems Manager, and Git.
Experienced in monitoring and observability with CloudWatch, CloudTrail, and third-party tools.
Skilled in managing databases and security services (RDS, KMS, HSM, Workspaces)
Proven ability to drive automation across infrastructure and deployment pipelines.
Excellent communication and collaboration skills, with experience working closely with development teams, product managers, and security stakeholders.
Ability to produce and maintain technical documentation, runbooks, and compliance reports for enterprise environments.
Bachelor’s degree in Computer Science, Information Technology, Engineering, or related field, or equivalent professional experience.

#LI-NF1
#SecuritySolutions

Mastercard is a merit-based, inclusive, equal opportunity employer that considers applicants without regard to gender, gender identity, sexual orientation, race, ethnicity, disabled or veteran status, or any other characteristic protected by law. We hire the most qualified candidate for the role. In the US or Canada, if you require accommodations or assistance to complete the online application process or during the recruitment process, please contact reasonable_accommodation@mastercard.com and identify the type of accommodation or assistance you are requesting. Do not include any medical or health information in this email. The Reasonable Accommodations team will respond to your email promptly.

Corporate Security Responsibility


All activities involving access to Mastercard assets, information, and networks comes with an inherent risk to the organization and, therefore, it is expected that every person working for, or on behalf of, Mastercard is responsible for information security and must:

Abide by Mastercard’s security policies and practices;

Ensure the confidentiality and integrity of the information being accessed;

Report any suspected information security violation or breach, and

Complete all periodic mandatory security trainings in accordance with Mastercard’s guidelines."
Sr. DevOps Specialist - Tangerine,Tangerine,https://ca.indeed.com/pagead/clk?mo=r&ad=-6NYlbfkN0CQT23RTAjhzTZUVU71IpBGHV5Al1f5Ky2yro0CzurBn2O33iq0HRqPNbyu8l0-WTSG4K9h7u6hHHQ1IsVLCZHo81Wdt1LD5YaZY0Rz1PtyvLKQ3eAY-ejrd_tK5AeMDa7qSSMi3k1KTQP4Tr3ZhEbUnobmRNzTYeMcZAdsCz1ifCzkbEDTmhQ7BpFNH5RHkzMm7l6fXhOHgcBew246QjDlCgfVS6GlSAuHJ8iy1wQ56CTRvXEk2fORkK-dDR71SfeRzg_SxSYJfVgRO0tiHQGKx0ICFZkNFDEqooLv_r02gE5lr-3xq6r5aonzL0jeP2Iq7cAaAzcWOE9nUMSc4ncG7hme9_J23vWU7q4zat5PSSaOLscg7ChPe8gVXNafxfRNUbaA8nTDlvGaWXwzyFEg34eGdW3c2iEGIadiXp0zeYF5ph8zCBJSTRze3lp4KIWvhXv6qz1tLYW3Fb2OHZcgB_D7WfNyE77jMWlsdpmnBXZDdp02NVSUy30pD_Hx_KEbMTWJ6Wx1vJJpDux420mLG2CpQ6x4-AjQMYuq7aFGtz4UtPB55bw-QJj8g0_djskBIE4AlDMCyqZZ6TCBymwfK_fUT1paOi4Eg22GyhisJofr2tXq5DChU0wwNBTP_8-Q4SwWGT0lj0hZNalUsew-HreQIy0L65nzEPbyAlYcLjlCPVboVCc19BPLGtNtFFKoHKmmec4p5TDdHtTuzxoYRahwzHrnacVwrEtbMNofmL0nnPVuiWdWAPR2svI0Wi8LKnYb0jVPD9dymKGY68YgfpLGYrY_IBcnEDMfjz-uBAB8nCk6-G65s0knLdUL_RVVRBGpxyEfov0OA_v9Ijon2SIznZL4vpUHEtj88rVMHO-e-g1J0_J3&xkcb=SoBc6_M3pva6zaWEiJ0DbzkdCdPP&camk=ethIe0s0hefxcba6hxVYkw==&p=8&fvj=0&vjs=3,"Requisition ID: 244339

Tangerine is Canada’s leading direct bank. We offer flexible and accessible banking options, innovative products, and award-winning Client service. The reason why Tangerine employees come to work each day is to help Canadians live better lives. We focus on making a difference in our communities, and that includes our own internal community. It’s important to us that our employees feel empowered and enthusiastic about belonging to our Orange culture.


Do you like new challenges? Are you ready to reach new heights in your career and become part of an established disruptor? If so, come join us and help redefine the Canadian banking landscape!


What you will be doing:

We are seeking a Senior DevOps Specialist with strong hands-on experience in Cloud Migration, devOps Development ( CI/CD pipelines ,Jenkins/Github Action, Terraform), combined with exposure to AI Ops and application modernization initiatives. Our environment is primarily google cloud and you will be leading efforts around building, optimizing, and scaling DevOps practices tailored for Java-based applications
The Sr DevOps Specialist will be working to extend the release automation and deployment capabilities across a diverse set of Java based enterprise applications, including but not limited to running source control management in Git through automated build and packaging using Jenkins pipelines, automated deployment and test execution, to automation and provisioning of Cloud-Based environments based on Kubernetes (both Linux and Windows). The DevOps Specialist is primary responsible for cloud migration , automating and maintaining CI/CD pipeline and CI environments.


Is this role right for you? In this role, you will:

Working to extend the release automation and deployment capabilities across a diverse set of Java based enterprise applications, including but not limited to running source control management in Git through automated build and packaging using Jenkins pipelines, automated deployment and test execution, to automation and provisioning of Cloud-Based environments based on Kubernetes (both Linux and Windows).
Primary responsible for cloud migration , automating and maintaining CI/CD pipeline and CI environments.
A successful candidate for this position should have past development experience in addition to his devOps skill sets.
Should have Strong cloud expertise and be comfortable working independently as well as being part of a collaborative environment.
Hands-on development experience and breadth of technical skills, the right candidate will also have a good understanding of current best practices, configuration management, and deployment automation.
Have experienced in release coordinating and deployment and willing to work on overnight deployments.
Ideal candidates will have a financial services background, preferably with experience working at one or more of the Big Five Canadian banks or any similar institutions.
Candidate should be comfortable acting as an architect and project lead, driving strategic DevOps transformations across complex financial applications and infrastructure.


Do you have the skills that will enable you to succeed in this role? We'd love to work with you if you have:

Proficient in knowledge of technologies and processes like Agile Software Delivery, Continuous Integration and Continuous Delivery, DevOps, GitOps, Cloud Native Technologies including Docker Containers and Kubernetes, and Deployment Automation & Orchestration.
Maintain a technical proficiency with respect to programming languages, scripts and processes to ensure that Tangerine is well positioned for technological advances in the marketplace.
Ability to use a wide variety of open source technologies and cloud services (GCP and GKE).
Assist/support developers troubleshooting efforts of applications in development environments. Timely resolution/investigation of deployments and development environments issues.
Maintain and manage the non-Production environments to ensure stability and uptime.
Develop Jenkins CICD pipelines-as-code to run and maintain non-Production environments to ensure stability and uptime.
Champions a customer focused culture to deepen client relationships and leverage broader Bank relationships, systems and knowledge.
Understand how the Bank’s risk appetite and risk culture should be considered in day-to-day activities and decisions.
Actively pursues effective and efficient operations of his/her respective areas in accordance with Tangerine’s Values, its Code of Conduct and the Global Sales Principles, while ensuringthe adequacy, adherence to and effectiveness of day-to-day business controls to meet obligations with respect to operational, compliance, AML/ATF/sanctions and conduct risk.
Champions a high performance environment and contributes to an inclusive work environment.
Responsible for Mobile Strategy, Deployment and releases - iOS and Android


What's in it for you?

You will be part of a diverse and inclusive team of Client-focused go-getters looking to learn from each other in an environment that celebrates and recognizes success!
You will have access to thousands of online and in-person courses so you can shape your career growth with support from diverse industry leaders.
You will get our help to save for your future and to invest in your total well-being through our Tangerine benefits.
You belong here, and we are equal and uncomplicated. Bring your true self to work, dress codes don’t apply here.
You will enjoy workspace flexibility and all the excitement that comes from working at the official Bank of the Toronto Raptors.

Location(s): Canada : Ontario : Toronto

At Tangerine we value the unique skills and experiences each individual brings to the team, and are committed to creating and maintaining an inclusive and accessible environment. If you require accommodation during the recruitment and selection process, please let our Recruitment team know."
DevOps Vmware Egnineer,Dacaro Software Services Inc,https://ca.indeed.com/pagead/clk?mo=r&ad=-6NYlbfkN0DHkcz6cdzeXjaMLQVPWW6GXkC0HhTEzc1zTKUDzqB5PduiV6KYLypqeRKp8-F8udaxzIIPmTe-f1vBxoT09eNZbQEyi4dbdt00ghTGUYctUNR2hPVEYqB3s4A912iXTn4ncCqjpyXmheaajtenDeib1aYLesIO3-5VzQNUHXyxACE-prj4E5Wkegl6hg4e3-rkIUhJnxX9QVadPle5dJdn5f1pXw1u9U_VUcgjC0gBlCjE4kPeuABEv9tye5SD6gfazcWjI9a-TzWOYrfzSf9SWMfxszJC7dwZ0bs2oPour0IZHR1-JYTKOD217cSybPsDJdGgtUpjqnx-68KSpDs8TVt56f1Rz6ROHBqBtrKn6IATsHdM6MmJ3zHxmnb-yF9I94bv5fkMdXuUW11QXHTFcNGS_c53naY1wf2aCqH9wfkCJroKnB9g7jXGqJrPYq7v3sWsSQu5ORyACZ2SVGLDblw4uTGPtf6eTnIOWtDDAUmRdH6moF3f7P81CqYd_p4EDCoUyUP_H5O0IboB8fb_jpPnsNp-UhVNR1il6c2ZvjRe6XY9PU4efmjVUTjoCfZMai5dBdgYcCjprsXpZVW0Ovbwv-HCse2KtFDPY40QXq4Gnw608I3W2DQ9Pp2SHkMC5nc17V95Ehmdo9MJXqghiNzfXVarooMwgy3n7B_nXMi9OGAwI5tblwGfuMRHwmU=&xkcb=SoDo6_M3pva6zaWEiJ0CbzkdCdPP&camk=UoKtGZLa3XLTG6BFS5V6fw==&p=9&fvj=0&vjs=3,"Our client is looking to hire a VMWare Administrator, these skills will ideally suit our requirements.

Key Skill Areas:

1. Kubernetes

2. Terraform (IaC)

3. AWS Cloud

4. Previous Windows/Linux migration to Kubernetes experience

5. VMWare vSphere administration 8.x/9.x

Skills required - in detail:

Infrastructure & Cloud Management

Deploy, and maintain scalable infrastructure on AWS cloud platform
Engineer multi-cloud environments with focus on high availability and disaster recovery
Optimize cloud resource utilization and cost management strategies
Implement Infrastructure as Code (IaC) using Terraform and other automation tools
Educate and guide teams on best practices in DevOps methodologies.

Container Orchestration & Microservices

Deploy and manage Kubernetes clusters in production environments
Implement container orchestration strategies using Docker and Kubernetes
Develop and maintain Helm charts for application deployments
Manage service mesh technologies and microservices architecture
Implement container security best practices and vulnerability scanning

CI/CD Pipeline Development

Design and implement robust CI/CD pipelines using tools like GitHub Actions, Jenkins, GitLab CI and Azure DevOps
Develop and implement automated processes for software builds, testing, and deployment.
Implement GitOps workflows and deployment strategies (blue-green, canary, rolling updates)
Integrate automated testing, security scanning, and quality gates into pipelines

System Administration & Windows/Linux Operations

Administer and maintain Windows/Linux-based systems (Ubuntu, CentOS, RHEL, Windows Server 2019/2022/2025)
Implement system monitoring, logging, and alerting solutions
Perform system hardening and security compliance measures
Manage system performance tuning and capacity planning
Automate routine operational tasks using scripting (Bash, Python, PowerShell)

Monitoring & Observability

Implement comprehensive monitoring solutions using tools like Prometheus, Moogsoft, Grafana, ELK Stack, or DataDog
Design and maintain alerting systems and incident response procedures
Implement distributed tracing and application performance monitoring
Create and maintain operational dashboards and metrics

Security & Compliance

Implement DevSecOps practices and security automation
Manage secrets management solutions (HashiCorp Vault, AWS Secrets Manager, Azure Key Vault)
Ensure compliance with security standards and regulatory requirements
Implement network security policies and access controls

Technical Skills

**Cloud Platforms**: 5+ years of hands-on experience with AWS cloud services
**Containerization**: Expert-level knowledge of Docker and Kubernetes (CKA/CKAD certification preferred)
**Infrastructure as Code**: Proficiency with Terraform, CloudFormation, or ARM templates
**CI/CD Tools**: Experience with GitHub Actions, Jenkins, GitLab CI, Azure DevOps, or similar platforms
**Linux Administration**: Strong experience with Linux system administration and shell scripting
**Version Control**: Proficiency with Git workflows and branching strategies
**Monitoring Tools**: Experience with Prometheus, Grafana, ELK Stack, or equivalent monitoring solutions
**Scripting Languages**: Proficiency in Bash, Python, or PowerShell
**ITSM**: Experience with Service Now or similar ITSM tool. ITIL training or certification preferred.

We thank you for your interest in this role. Only qualified candidates will be contacted.

Job Type: Fixed term contract
Contract length: 12 months

Pay: $100.00-$110.00 per hour

Expected hours: 37.5 per week

Experience:

Kubernetes (Production-Level Experience): 5 years (required)
Terraform (Infrastructure-as-Code): 5 years (required)
AWS Cloud Administration: 5 years (required)

Work Location: Hybrid remote in Toronto, ON M5J 2W4"
DevOps Platform Support Engineer,iTMethods,https://ca.indeed.com/rc/clk?jk=f74c43470efebda6&bb=r51uGUmDLDkKBDioVIciFcm7B-vF3eaw9DmCy4Pba1NO5_5mKaCzy5lcBGPjvFSyjm4YBz6gIF6sdCG2vDP343o3KwgVSJvxypKNT8meFACXpK1EM8GJ8-CIgSjImwojdlBDL10wLr4x381EdP_u0RU0gWDeB41V&xkcb=SoCB67M3pva6zaWEiJ0BbzkdCdPP&fccid=e70e3ddb439c050b&vjs=3,"Operations Support Specialist


As an Operations Specialist, you will be a key member providing managed services for customers on our platform. Reporting to the Senior Operations Manager, you will work closely with engineers, technology consultants, and various delivery teams to ensure maximum uptime for customers on our platform. As a curious individual that enjoys experimenting in a range of technologies, you will be part of an exciting journey of experts delivering and evolving our DevOps platform for enterprise customers.


Your day-to-day:




Act as a subject matter expert and advise customers on their Atlassian (JIRA/Confluence) and DevOps tools.
Assist in the configuration and support of customer environments; code deployments, optimization, and supporting various tools.
Manage monitoring and logging solutions, identify issues proactively and mitigate them to improve the customer experience.
Troubleshoot and resolve escalated software and infrastructure related issues and challenges.
Contribute to the continuous improvement of our managed services practice.
Explore and evaluate new and emerging software tools and technologies.



About you:




Experience configuring or customizing JIRA and other Atlassian tools.
Exposure to automation and familiar with the end to end build and deployment processes, including tools.
Knowledge of Linux or Windows administration working within a high availability environment.
Experience with continuous integration best practices and tools including Jenkins.
Experience managing and supporting AWS or other cloud environments.
Exposure to configuration management, performance monitoring and alerting tools is an asset."
AWS DevOps Engineer,Atlantis IT group,https://ca.indeed.com/rc/clk?jk=53f9064182048a11&bb=r51uGUmDLDkKBDioVIciFYhYSfANYNeJ3NGB9lo52JKA5fkPv4UwzZOL7xEtoObMalFilcuY6r2Gx2lmlPedNYWGaUE2jAP5Px_emDSz-_BK2jTsnBADPhgd4WpYq06DbsJUJ3qchpxLv9At5vRHUAP3vtzXUYwA&xkcb=SoA167M3pva6zaWEiJ0AbzkdCdPP&fccid=2009855d38d34a84&vjs=3,"AWS DevOps Engineer
Brampton, ON
Long Term Contract

What client is looking for :

Experience as a AWS DevOps engineer or in a similar software engineering role.
Proficiency with Git and GitHub workflows.
Good knowledge of Ruby or Python.
Working knowledge of databases and SQL.
Deploy updates and fixes, and provide Level 2 technical support.
Build tools to reduce occurrence of errors and improve customer experience.
Develop software to integrate with internal back-end systems.
Perform root cause analysis of production errors and resolve technical issues.
Develop scripts to automate visualization.
Design procedures for system troubleshooting and maintenance."
DevOps Engineer,Xsolla,https://ca.indeed.com/rc/clk?jk=f17793742a7a869a&bb=r51uGUmDLDkKBDioVIciFbhs02CSciy9u4BqmHIRTfEHF7JrXaRD_ckd-gQDBkS3tbNLoXLCkxQUSVeVM5ToeCTFkewvmu8jrILp-gmCeC-5AKOCWGw6yVa1tivQBfHYpejU6d8LFsN4gNYrOmg69c2tMdyGB2Le&xkcb=SoC767M3pva6zaWEiJ0HbzkdCdPP&fccid=3571128c84651b42&vjs=3,"ABOUT US

Xsolla is a global commerce company with robust tools and services to help developers solve the inherent challenges of the video game industry. From indie to AAA, companies partner with Xsolla to help them fund, distribute, market, and monetize their games. Grounded in the belief in the future of video games, Xsolla is resolute in the mission to bring opportunities together, and continually make new resources available to creators. Headquartered and incorporated in Los Angeles, California, Xsolla operates as the merchant of record and has helped over 1,500+ game developers to reach more players and grow their businesses around the world. With more paths to profits and ways to win, developers have all the things needed to enjoy the game.

For more information, visit xsolla.com.


Qualifications & Skills:
Major:
4 to 7 years experience as a DevOps engineer
Extensive experience with Linux
Extensive experience with container orchestration using Kubernetes
Experience with Self-hosted Kubernetes clusters administration
GCP or AWS cloud experience
Experience with Infrastructure-as-Code tooling
Experience with Python / Bash scripting
Moderate:
Experience with observability tools
Experience with CI/CD
Soft Skills:
Excellent interpersonal communication skills
Strong communication skills
Strong analytical and problem-solving skills

Responsibilities
Manage Kubernetes clusters (self-hosted or cloud-based)
Implement and maintenance infrastructure in the cloud
Managing Linux servers, web servers and application servers
Configuration management (puppet, ansible)
Manage Infrastructure as a code (terraform/terragrunt)
Troubleshooting



Education
IT professional certifications are not required, but it will be a plus
Kubernetes (CKA, CKS)
Google Cloud Platform or AWS
HashiCorp (Terraform Associate, Vault Associate)
Linux (LFCS, LFCE, RHCSA, RHCE)
Puppet or Ansible certifications
Annual salary + bonus. Salary varies depending on experience level and location.
Equal Employment Opportunity Statement:Xsolla is an equal opportunity employer. We celebrate diversity and are committed to creating an inclusive environment for all employees. We do not discriminate based on race, color, religion, sex, national origin, age, disability, sexual orientation, gender identity, or any other characteristic protected by law. We consider qualified applicants with criminal histories in accordance with the Fair Chance Act.
Criminal History Consideration:
For this role, we will conduct a background check that may include the following:
Criminal history check
Employment verification
Education verification
Credit history check
Professional license verification
Relevance to Job Responsibilities:
The background check is relevant to this position because of the following role responsibilities:
Accessing confidential company data
Ensuring compliance with regulatory requirements
Rights Under the Fair Chance Act:
Applicants are encouraged to inquire about their rights under the Fair Chance Act. If you have questions regarding our hiring practices, please contact careers@xsolla.com.

Benefits:
We are passionate about fostering a supportive environment for our team, so we prioritize the physical, mental, and emotional well-being of our employees and their families through a comprehensive Benefits Program. This includes 100% company-paid medical, dental, and vision plans, unlimited Flexible Time Off, and a personalized career roadmap for each employee. By investing in professional development through training and educational opportunities, we ensure that our team thrives both personally and professionally. Together, we’re not just building a business; we’re cultivating a community that values creativity, collaboration, and the transformative power of play.

By submitting the following job application form, you consent to Xsolla processing your data for career-related inquiries and potential employment opportunities. We process your data in accordance with this Xsolla Privacy Notice for Job Applicants. Please direct any inquiries regarding your data privacy to careers@xsolla.com.

We may use artificial intelligence (AI) tools to support parts of the hiring process, such as reviewing applications, analyzing resumes, or assessing responses. These tools assist our recruitment team but do not replace human judgment. Final hiring decisions are ultimately made by humans. If you would like more information about how your data is processed, please contact us."
Devops Engineer,Atlantis IT group,https://ca.indeed.com/rc/clk?jk=ecf1bc11e739bc1b&bb=r51uGUmDLDkKBDioVIciFaBBw_v6-5ehr36fb8cjSvpE5qhhpGcs6M0gblBOQKfpqhw8N2JAX93hU_oBlmBJgwmx0ZpGEnjFmo6B8nNvRwQJcXWUhQY_N9-JtOjEhWB553Agm_iqlk2IhF0qw4NqdNGzZmwumrzL&xkcb=SoAP67M3pva6zaWEiJ0GbzkdCdPP&fccid=2009855d38d34a84&vjs=3,"Role : DevOps Engineer

Location : Toronto, ON (Hybrid)

Duration : Long Term

""Skills and Responsibilities:

8 - 10 years of related experience as DevOps Engineer.
Strong development experience in Ansible. Primarily be an ansible expert, along with preferably java development background to do monitoring integrations.
Knowledge of DevOps & other tools such as Chef, Ansible Tower, Puppet, Docker, Kubernetes, SonarQube, Terraform, Istio, Jenkins, TeamCity, Bamboo, Nagios, Splunk, Azure Monitoring, Git.
Scripting knowledge in Python, Shell, Perl, PowerShell, JavaScript, Bash, .Net.
Experience in AWS or Azure Cloud.
Experience working in Agile methodology.
Excellent interpersonal skills and ability to work collaboratively with team members and Business Partners across the organization.
Clear and concise written and oral communication
Able to work with APIs to integrate tools and other facets to improve the quality and quantity of monitoring data available.
Drives the execution of monitoring implementations and configurations focusing on excellence, innovation, and client value.
Using technical aptitude, actively participate in the journey to AIOps."""
DevOps Engineer,TheAppLabb,https://ca.indeed.com/rc/clk?jk=7e903829217e50b8&bb=r51uGUmDLDkKBDioVIciFTgO-chLRiBHg-GboC0OOq847EmbttORLIVE9owmF4DZGck2NpxbVPVxUQVASsz7nJj9GmghxAVgu-C6zXIHHdHiiAeQILpoejEawzmuoqZI5MOf-NovDxbyeeG54bmJfa3ZfTYK0suM&xkcb=SoCS67M3pva6zaWEiJ0FbzkdCdPP&fccid=13b77d3b116ad8ed&vjs=3,"TAL Talent Pool:

Interested in joining our team? Send us your resume, and we'll include you in our Talent Pool!

When new positions become available at TAL, we'll consult our Talent Pool. If your qualifications match what we're looking for, we'll contact you for an interview.

Review the criteria listed below to see if you’re a good match and submit your resume.

About Us

With a mission to humanize technology and create better human experiences, TheAppLabb is an innovation company focussed on transforming businesses through intelligent and immersive business applications. We ideate and build fully custom solutions with emerging technologies like Artificial Intelligence, IoT, Virtual Reality, Augmented Reality and Blockchain.


TheAppLabb is a Toronto-based technology company that specializes in strategy, design, and development of mobile first, AI enabled apps. TheAppLabb has built over 750 apps over the past 16 years for leading enterprise firms in North America including Unilever, GE, Samsung, RBC, Meridian, among others. TheAppLabb was awarded Great Place to Work in Canada by Globe & Mail, Top Mobile App Developer and Most Innovative Company by Canadian Business.




The Opportunity




Summary

The DevOps Engineer is responsible for understanding and managing the Software Development Lifecycle and various automation tools for developing digital pipelines (CI/ CD pipelines). The incumbent works with developers and the IT team to implement DevOps practices for Development, integration, testing, Deployment and Monitoring.

What you will do?

Designing DevOps Strategy

Recommend a migration and consolidation strategy for DevOps tools
Design and implement an Agile work management approach
Create a quality strategy
Design a secure development process
Create a tool integration strategy
Implement timely cost optimization based on the usage and business case

Implementing DevOps Development Processes

Design a version control strategy
Integrate source control
Manage building infrastructure
Implement code flow
Implement a mobile DevOps strategy
Managing application configuration and confidentiality

Implementing Continuous Integration

Manage code quality and security policies
Implement a container building strategy
Implement a building strategy

Implementing Continuous Delivery

Design a release strategy
Set up a release management workflow
Implement an appropriate deployment pattern

Implementing Dependency Management

Design a dependency management strategy
Manage security and compliance

Implementing Application Infrastructure

Design an infrastructure and configuration management strategy
Implement Infrastructure as Code (IaC)
Manage Kubernetes Service infrastructure
Implement infrastructure compliance and security

Implementing Continuous Feedback

Recommend and design system feedback mechanisms
Implement a process for routing system feedback to development teams
Optimize feedback mechanisms



What You'll need?

Bachelor’s Degree in Computer Science or equivalent
Minimum 3-5 years of experience in DevOps

Competencies

Accountability
Detail oriented (Meticulous about process)
Ownership Mindset
Teamwork Mindset
Quality Orientation
Problem Solving
Effective Communicator (oral, written)

Specialized skills, knowledge, or certifications unique to this role

Experience in setting up DevOps end to end for at least 3-4 products
Experience in setting DevOps practices for development, integration, testing, deployment and monitoring
Experience working with a microservice environment
Experience working with Azure, AWS
Experience with databases including MqSQL and Mongo
Knowledge of implementing technical and security control for HIPAA and PII
Experience working with JIRA Service Desk
Experience working with GCP
Knowledge of following compliance standard for Payment Gateway and GDPR
Experience in any scripting language
Knowledge of JAVA
Experience with in-memory database
Experience automating the builds and deployment processes, configuring deployment environments for application software, maintaining the environments and tooling supporting them, and documenting these configurations and processes.
Strong Linux and Windows environment management and configuration skills are necessary
Experience performing and automating software builds



Why Join Us?

Work on large-scale cloud-based data platforms with cutting-edge technologies.
Collaborate with a dynamic, innovative, and data-driven team.
Competitive salary
Opportunities for career growth and continuous learning.


Why you’ll love TheAppLabb?

We are proud to be certified as a “Great Place to Work, Canada”. We're a motivated team with laser-focused mission to create exceptional experiences. At TheAppLabb, our culture is geared towards creativity, collaboration, and flexibility.

Coaching and Learning and Development to ensure you have the training and education you need to thrive in your career
A diverse leadership team with an open-door policy to help you grow and succeed at your career goals
Town hall celebrations for all employees to meet and connect with each other, align the Company to the same goals, build our Company culture and celebrate awards
Acknowledge and recognize employee efforts by having awards (Employee of the month, Employee with Most Growth, Leadership Award etc.)
We encourage a healthy lifestyle by incorporating fitness challenge incentives in our Company
TheAppLabb’s strong values and principles guide our employees to work with honesty, integrity, teamwork, and empathy.


At TheAppLabb, we believe diversity and inclusion is a strength we cultivate. We are proud to be an equal opportunity employer, and we do not discriminate based on race, gender, ethnicity, citizenship, national origin, religion, sexual orientation, age, marital status, disability, veteran status or any other legally protected status.


Our work environment welcomes equity, inclusiveness, and diversity by providing accommodations throughout the recruitment process and during your employment here. If you require accommodation, please let us know and we will work with you to meet your needs. Please contact us at jobs@theapplabb.com.


So, if you are looking for your next challenge, then this is your chance to join our team of exceptionally talented, creative, and innovative professionals working towards a unified goal."
